-- phpMyAdmin SQL Dump
-- version 5.2.1
-- https://www.phpmyadmin.net/
--
-- Host: localhost
-- Generation Time: Dec 13, 2023 at 03:56 AM
-- Server version: 10.4.28-MariaDB
-- PHP Version: 8.2.4

SET SQL_MODE = "NO_AUTO_VALUE_ON_ZERO";
START TRANSACTION;
SET time_zone = "+00:00";


/*!40101 SET @OLD_CHARACTER_SET_CLIENT=@@CHARACTER_SET_CLIENT */;
/*!40101 SET @OLD_CHARACTER_SET_RESULTS=@@CHARACTER_SET_RESULTS */;
/*!40101 SET @OLD_COLLATION_CONNECTION=@@COLLATION_CONNECTION */;
/*!40101 SET NAMES utf8mb4 */;

--
-- Database: `inventory_management`
--

-- --------------------------------------------------------

--
-- Table structure for table `accounts`
--

CREATE TABLE `accounts` (
  `id` int(11) NOT NULL,
  `username` varchar(255) NOT NULL,
  `password` varchar(255) NOT NULL,
  `fullname` varchar(255) DEFAULT NULL,
  `avatar` varchar(255) DEFAULT NULL,
  `email` varchar(255) NOT NULL,
  `address` text DEFAULT NULL,
  `tel` varchar(15) DEFAULT NULL,
  `bio` text DEFAULT NULL,
  `status` varchar(255) NOT NULL DEFAULT 'Đang làm việc',
  `position_id` int(11) NOT NULL DEFAULT 1
) ENGINE=InnoDB DEFAULT CHARSET=utf8mb4 COLLATE=utf8mb4_general_ci;

--
-- Dumping data for table `accounts`
--

INSERT INTO `accounts` (`id`, `username`, `password`, `fullname`, `avatar`, `email`, `address`, `tel`, `bio`, `status`, `position_id`) VALUES
(1, 'admin', '123456admin', 'Trần Chung Hiếu', 'acernitro5tiger.webp', 'trantrunghieu422@gmail.com', 'Thanh Xuân - Hà Nội', '0326239019', 'Dốt', 'Đã nghỉ việc', 0),
(2, 'user1', 'user1', ' Hiếu', NULL, 'trantrunghieu4234@gmail.com', 'Cầu Giấy - Hà Nội', '0326239029', 'Gà', 'Đang làm việc', 1),
(3, 'user2', 'user2', 'Chung Hiếu', NULL, 'trantrunghieu42345@gmail.com', 'Hoàng Mai - Hà Nội', '0326239329', 'Cùi', 'Đã nghỉ', 1),
(4, 'hieu1', '$2y$10$rT5s0AaBLX5/av9SzkHXke82.oOpzTbUQiYgyhUYJ4oCnGO5ZBJmW', 'Trần Chung Hiếu', 'amazfitcheetahround.webp', 'trantrunghieu422@gmail.com', 'Hà Thành', '03284789998', 'Đẹp trai', 'Đã nghỉ việc', 0),
(204, 'quandh28', '$2y$10$arBOHbsWufCgigjI7S0KBekZKXAuoVJNSgOV9MibU/Loafsot4xBC', NULL, NULL, 'quandh28@gmail.com', NULL, NULL, NULL, 'Đang làm việc', 1);

-- --------------------------------------------------------

--
-- Table structure for table `batches`
--

CREATE TABLE `batches` (
  `id` int(11) NOT NULL,
  `batche_code` varchar(255) NOT NULL,
  `supplier_id` int(11) NOT NULL,
  `storage_area_id` int(11) DEFAULT NULL,
  `manufacturing_date` date NOT NULL,
  `expiry_date` date NOT NULL,
  `status_id` int(11) NOT NULL,
  `created_at` datetime NOT NULL DEFAULT current_timestamp()
) ENGINE=InnoDB DEFAULT CHARSET=utf8mb4 COLLATE=utf8mb4_general_ci;

--
-- Dumping data for table `batches`
--

INSERT INTO `batches` (`id`, `batche_code`, `supplier_id`, `storage_area_id`, `manufacturing_date`, `expiry_date`, `status_id`, `created_at`) VALUES
(1, 'A9MD01', 1, 1, '2023-01-01', '2023-12-31', 2, '2024-12-12 23:11:00'),
(2, 'CO01A2', 2, 2, '2023-01-01', '2023-12-31', 3, '2023-12-04 10:33:00'),
(3, 'POI3M3', 3, 96, '2023-01-01', '2023-12-31', 1, '2023-12-04 10:33:00'),
(4, 'BOC08L', 4, 10, '2023-01-01', '2023-12-31', 1, '2023-12-04 10:33:00'),
(5, 'CVA45E', 6, 134, '2023-01-01', '2023-12-31', 1, '2023-12-04 10:33:00'),
(6, 'VNXV34', 5, 134, '2023-01-01', '2023-12-31', 1, '2023-12-04 10:33:00'),
(7, 'TRW67V', 7, 93, '2023-01-01', '2023-12-31', 1, '2023-12-04 10:33:00'),
(8, 'Batch Code 8', 105, 5, '2023-01-01', '2023-12-31', 4, '2023-12-04 10:33:00'),
(9, 'Batch Code 9', 160, 45, '2023-01-01', '2023-12-31', 6, '2023-12-04 10:33:00'),
(10, 'Batch Code 10', 28, 4, '2023-01-01', '2023-12-31', 7, '2023-12-04 10:33:00'),
(11, 'Batch Code 11', 28, 151, '2023-01-01', '2023-12-31', 8, '2023-12-04 10:33:00'),
(12, 'Batch Code 12', 20, 66, '2023-01-01', '2023-12-31', 5, '2023-12-04 10:33:00'),
(13, 'Batch Code 13', 67, 69, '2023-01-01', '2023-12-31', 8, '2023-12-04 10:33:00'),
(14, 'Batch Code 14', 147, 126, '2023-01-01', '2023-12-31', 1, '2023-12-04 10:33:00'),
(15, 'Batch Code 15', 14, 51, '2023-01-01', '2023-12-31', 2, '2023-12-04 10:33:00'),
(16, 'Batch Code 16', 180, 87, '2023-01-01', '2023-12-31', 5, '2023-12-04 10:33:00'),
(17, 'Batch Code 17', 116, 173, '2023-01-01', '2023-12-31', 9, '2023-12-04 10:33:00'),
(18, 'Batch Code 18', 88, 146, '2023-01-01', '2023-12-31', 6, '2023-12-04 10:33:00'),
(19, 'Batch Code 19', 84, 106, '2023-01-01', '2023-12-31', 6, '2023-12-04 10:33:00'),
(20, 'Batch Code 20', 162, 163, '2023-01-01', '2023-12-31', 9, '2023-12-04 10:33:00'),
(21, 'Batch Code 21', 64, 59, '2023-01-01', '2023-12-31', 6, '2023-12-04 10:33:00'),
(22, 'Batch Code 22', 158, 120, '2023-01-01', '2023-12-31', 7, '2023-12-04 10:33:00'),
(23, 'Batch Code 23', 88, 64, '2023-01-01', '2023-12-31', 4, '2023-12-04 10:33:00'),
(24, 'Batch Code 24', 87, 86, '2023-01-01', '2023-12-31', 10, '2023-12-04 10:33:00'),
(25, 'Batch Code 25', 48, 91, '2023-01-01', '2023-12-31', 8, '2023-12-04 10:33:00'),
(26, 'Batch Code 26', 29, 106, '2023-01-01', '2023-12-31', 5, '2023-12-04 10:33:00'),
(27, 'Batch Code 27', 97, 54, '2023-01-01', '2023-12-31', 9, '2023-12-04 10:33:00'),
(28, 'Batch Code 28', 95, 174, '2023-01-01', '2023-12-31', 3, '2023-12-04 10:33:00'),
(29, 'Batch Code 29', 66, 14, '2023-01-01', '2023-12-31', 3, '2023-12-04 10:33:00'),
(30, 'Batch Code 30', 27, 167, '2023-01-01', '2023-12-31', 2, '2023-12-04 10:33:00'),
(31, 'Batch Code 31', 18, 173, '2023-01-01', '2023-12-31', 6, '2023-12-04 10:33:00'),
(32, 'Batch Code 32', 121, 147, '2023-01-01', '2023-12-31', 1, '2023-12-04 10:33:00'),
(33, 'Batch Code 33', 158, 35, '2023-01-01', '2023-12-31', 4, '2023-12-04 10:33:00'),
(34, 'Batch Code 34', 22, 103, '2023-01-01', '2023-12-31', 6, '2023-12-04 10:33:00'),
(35, 'Batch Code 35', 146, 94, '2023-01-01', '2023-12-31', 2, '2023-12-04 10:33:00'),
(36, 'Batch Code 36', 51, 162, '2023-01-01', '2023-12-31', 7, '2023-12-04 10:33:00'),
(37, 'Batch Code 37', 100, 147, '2023-01-01', '2023-12-31', 5, '2023-12-04 10:33:00'),
(38, 'Batch Code 38', 112, 157, '2023-01-01', '2023-12-31', 5, '2023-12-04 10:33:00'),
(39, 'Batch Code 39', 151, 127, '2023-01-01', '2023-12-31', 1, '2023-12-04 10:33:00'),
(40, 'Batch Code 40', 170, 123, '2023-01-01', '2023-12-31', 6, '2023-12-04 10:33:00'),
(41, 'Batch Code 41', 146, 61, '2023-01-01', '2023-12-31', 3, '2023-12-04 10:33:00'),
(42, 'Batch Code 42', 40, 67, '2023-01-01', '2023-12-31', 2, '2023-12-04 10:33:00'),
(43, 'Batch Code 43', 153, 119, '2023-01-01', '2023-12-31', 8, '2023-12-04 10:33:00'),
(44, 'Batch Code 44', 134, 87, '2023-01-01', '2023-12-31', 2, '2023-12-04 10:33:00'),
(45, 'Batch Code 45', 73, 92, '2023-01-01', '2023-12-31', 4, '2023-12-04 10:33:00'),
(46, 'Batch Code 46', 37, 177, '2023-01-01', '2023-12-31', 3, '2023-12-04 10:33:00'),
(47, 'Batch Code 47', 92, 119, '2023-01-01', '2023-12-31', 8, '2023-12-04 10:33:00'),
(48, 'Batch Code 48', 169, 59, '2023-01-01', '2023-12-31', 9, '2023-12-04 10:33:00'),
(49, 'Batch Code 49', 31, 65, '2023-01-01', '2023-12-31', 3, '2023-12-04 10:33:00'),
(50, 'Batch Code 50', 52, 112, '2023-01-01', '2023-12-31', 3, '2023-12-04 10:33:00'),
(51, 'Batch Code 51', 61, 174, '2023-01-01', '2023-12-31', 9, '2023-12-04 10:33:00'),
(52, 'Batch Code 52', 38, 103, '2023-01-01', '2023-12-31', 3, '2023-12-04 10:33:00'),
(53, 'Batch Code 53', 69, 47, '2023-01-01', '2023-12-31', 2, '2023-12-04 10:33:00'),
(54, 'Batch Code 54', 168, 42, '2023-01-01', '2023-12-31', 4, '2023-12-04 10:33:00'),
(55, 'Batch Code 55', 19, 80, '2023-01-01', '2023-12-31', 10, '2023-12-04 10:33:00'),
(56, 'Batch Code 56', 38, 56, '2023-01-01', '2023-12-31', 10, '2023-12-04 10:33:00'),
(57, 'Batch Code 57', 123, 116, '2023-01-01', '2023-12-31', 2, '2023-12-04 10:33:00'),
(58, 'Batch Code 58', 154, 146, '2023-01-01', '2023-12-31', 5, '2023-12-04 10:33:00'),
(59, 'Batch Code 59', 170, 53, '2023-01-01', '2023-12-31', 7, '2023-12-04 10:33:00'),
(60, 'Batch Code 60', 43, 60, '2023-01-01', '2023-12-31', 10, '2023-12-04 10:33:00'),
(61, 'Batch Code 61', 123, 107, '2023-01-01', '2023-12-31', 10, '2023-12-04 10:33:00'),
(62, 'Batch Code 62', 157, 100, '2023-01-01', '2023-12-31', 2, '2023-12-04 10:33:00'),
(63, 'Batch Code 63', 28, 49, '2023-01-01', '2023-12-31', 9, '2023-12-04 10:33:00'),
(64, 'Batch Code 64', 124, 131, '2023-01-01', '2023-12-31', 6, '2023-12-04 10:33:00'),
(65, 'Batch Code 65', 130, 155, '2023-01-01', '2023-12-31', 2, '2023-12-04 10:33:00'),
(66, 'Batch Code 66', 22, 31, '2023-01-01', '2023-12-31', 5, '2023-12-04 10:33:00'),
(67, 'Batch Code 67', 174, 62, '2023-01-01', '2023-12-31', 9, '2023-12-04 10:33:00'),
(68, 'Batch Code 68', 7, 136, '2023-01-01', '2023-12-31', 7, '2023-12-04 10:33:00'),
(69, 'Batch Code 69', 179, 2, '2023-01-01', '2023-12-31', 1, '2023-12-04 10:33:00'),
(70, 'Batch Code 70', 49, 31, '2023-01-01', '2023-12-31', 1, '2023-12-04 10:33:00'),
(71, 'Batch Code 71', 134, 100, '2023-01-01', '2023-12-31', 6, '2023-12-04 10:33:00'),
(72, 'Batch Code 72', 12, 122, '2023-01-01', '2023-12-31', 2, '2023-12-04 10:33:00'),
(73, 'Batch Code 73', 160, 158, '2023-01-01', '2023-12-31', 8, '2023-12-04 10:33:00'),
(74, 'Batch Code 74', 3, 159, '2023-01-01', '2023-12-31', 4, '2023-12-04 10:33:00'),
(75, 'Batch Code 75', 30, 132, '2023-01-01', '2023-12-31', 2, '2023-12-04 10:33:00'),
(76, 'Batch Code 76', 114, 121, '2023-01-01', '2023-12-31', 5, '2023-12-04 10:33:00'),
(77, 'Batch Code 77', 45, 159, '2023-01-01', '2023-12-31', 7, '2023-12-04 10:33:00'),
(78, 'Batch Code 78', 127, 91, '2023-01-01', '2023-12-31', 5, '2023-12-04 10:33:00'),
(79, 'Batch Code 79', 102, 102, '2023-01-01', '2023-12-31', 2, '2023-12-04 10:33:00'),
(80, 'Batch Code 80', 5, 123, '2023-01-01', '2023-12-31', 4, '2023-12-04 10:33:00'),
(81, 'Batch Code 81', 121, 59, '2023-01-01', '2023-12-31', 7, '2023-12-04 10:33:00'),
(82, 'Batch Code 82', 12, 88, '2023-01-01', '2023-12-31', 3, '2023-12-04 10:33:00'),
(83, 'Batch Code 83', 147, 53, '2023-01-01', '2023-12-31', 1, '2023-12-04 10:33:00'),
(84, 'Batch Code 84', 54, 67, '2023-01-01', '2023-12-31', 10, '2023-12-04 10:33:00'),
(85, 'Batch Code 85', 120, 82, '2023-01-01', '2023-12-31', 3, '2023-12-04 10:33:00'),
(86, 'Batch Code 86', 3, 46, '2023-01-01', '2023-12-31', 3, '2023-12-04 10:33:00'),
(87, 'Batch Code 87', 59, 176, '2023-01-01', '2023-12-31', 9, '2023-12-04 10:33:00'),
(88, 'Batch Code 88', 104, 32, '2023-01-01', '2023-12-31', 2, '2023-12-04 10:33:00'),
(89, 'Batch Code 89', 46, 145, '2023-01-01', '2023-12-31', 3, '2023-12-04 10:33:00'),
(90, 'Batch Code 90', 152, 82, '2023-01-01', '2023-12-31', 8, '2023-12-04 10:33:00'),
(91, 'Batch Code 91', 59, 78, '2023-01-01', '2023-12-31', 2, '2023-12-04 10:33:00'),
(92, 'Batch Code 92', 96, 30, '2023-01-01', '2023-12-31', 3, '2023-12-04 10:33:00'),
(93, 'Batch Code 93', 114, 85, '2023-01-01', '2023-12-31', 5, '2023-12-04 10:33:00'),
(94, 'Batch Code 94', 173, 66, '2023-01-01', '2023-12-31', 10, '2023-12-04 10:33:00'),
(95, 'Batch Code 95', 120, 85, '2023-01-01', '2023-12-31', 4, '2023-12-04 10:33:00'),
(96, 'Batch Code 96', 72, 162, '2023-01-01', '2023-12-31', 3, '2023-12-04 10:33:00'),
(97, 'Batch Code 97', 140, 179, '2023-01-01', '2023-12-31', 7, '2023-12-04 10:33:00'),
(98, 'Batch Code 98', 40, 34, '2023-01-01', '2023-12-31', 3, '2023-12-04 10:33:00'),
(99, 'Batch Code 99', 138, 4, '2023-01-01', '2023-12-31', 9, '2023-12-04 10:33:00'),
(100, 'Batch Code 100', 178, 92, '2023-01-01', '2023-12-31', 6, '2023-12-04 10:33:00'),
(128, '1L456S', 1, 2, '2023-12-05', '2023-12-06', 3, '2023-12-05 15:49:46'),
(129, 'JQO5S9', 1, 2, '2023-12-05', '2023-12-06', 1, '2023-12-05 15:53:33'),
(130, 'HYI28Q', 1, 2, '2023-12-05', '2023-12-06', 3, '2023-12-05 15:55:02'),
(131, 'XGVPC0', 1, 2, '2023-12-05', '2023-12-06', 1, '2023-12-05 15:56:09'),
(132, 'YMNAQI', 1, 2, '2023-12-05', '2023-12-06', 1, '2023-12-05 16:00:18'),
(133, 'J8N7U3', 1, 2, '2023-12-05', '2023-12-06', 2, '2023-12-05 16:23:33'),
(134, 'JBJKI9', 1, 2, '2023-12-05', '2023-12-07', 3, '2023-12-07 12:12:00'),
(135, 'Y8YLUJ', 1, 2, '2023-12-05', '2023-12-07', 3, '2023-12-06 12:12:00'),
(136, '7AYJQR', 1, 2, '2023-12-05', '2023-12-07', 3, '2023-12-06 12:13:00'),
(137, '6AELGS', 1, 2, '2023-12-06', '2023-12-15', 3, '2023-12-08 12:12:00'),
(138, 'QK3LUO', 1, 2, '2023-12-06', '2023-12-09', 3, '2023-12-08 12:13:00'),
(139, 'YQZ8BE', 1, 2, '2023-12-06', '2023-12-09', 3, '2023-12-08 12:13:00'),
(140, 'D5IYNM', 1, 2, '2023-12-06', '2023-12-08', 3, '2023-12-07 12:12:00'),
(141, 'P2H9DW', 1, 2, '2023-12-06', '2023-12-08', 3, '2023-12-07 12:12:00'),
(142, 'ZF0QY8', 1, 2, '2023-12-06', '2023-12-08', 3, '2023-12-07 12:12:00'),
(143, 'OIFUPW', 1, 2, '2023-12-06', '2023-12-08', 3, '2023-12-07 12:12:00'),
(144, '4YQ5CO', 1, 2, '2023-12-06', '2023-12-08', 3, '2023-12-15 12:12:00'),
(145, '8GJS6S', 1, 2, '2023-12-06', '2023-12-08', 3, '2023-12-07 12:12:00'),
(146, 'NOPPK5', 1, 2, '2023-12-06', '2023-12-08', 3, '2023-12-07 12:12:00'),
(147, 'F8QDIP', 1, 2, '2023-12-06', '2023-12-08', 3, '2023-12-07 12:12:00'),
(148, 'EM7X50', 1, 2, '2023-12-06', '2023-12-08', 3, '2023-01-07 12:12:00'),
(149, 'JA18KI', 1, 2, '2023-12-09', '2023-12-10', 3, '2023-12-09 12:12:00'),
(150, 'PCAP9H', 1, 2, '2023-12-09', '2023-12-10', 3, '2023-12-09 12:12:00'),
(151, 'QDPN2L', 1, 2, '2023-12-09', '2023-12-11', 3, '2023-12-10 12:12:00'),
(152, 'OWDOV7', 1, 2, '2023-12-09', '2023-12-10', 3, '2023-12-10 12:12:00'),
(153, 'B7DO0V', 1, 2, '2023-12-09', '2023-12-10', 3, '2023-12-10 12:12:00'),
(154, '7YYCP3', 1, 2, '2023-12-10', '2023-12-12', 3, '2023-12-11 12:12:00'),
(155, 'MH1NKQ', 1, 2, '2023-12-10', '2023-12-12', 3, '2023-12-11 12:13:00'),
(156, '9IJ05T', 1, 2, '2023-12-10', '2023-12-12', 3, '2023-12-11 12:12:00'),
(157, 'CT59S4', 1, 2, '2023-12-10', '2023-12-13', 2, '2023-12-12 12:14:00'),
(159, 'QRAC0B', 1, 2, '2023-12-10', '2023-12-12', 3, '2023-12-11 12:12:00');

-- --------------------------------------------------------

--
-- Table structure for table `batch_products`
--

CREATE TABLE `batch_products` (
  `id` int(11) NOT NULL,
  `batch_id` int(11) NOT NULL,
  `product_id` int(11) NOT NULL
) ENGINE=InnoDB DEFAULT CHARSET=utf8mb4 COLLATE=utf8mb4_general_ci;

--
-- Dumping data for table `batch_products`
--

INSERT INTO `batch_products` (`id`, `batch_id`, `product_id`) VALUES
(1, 1, 258),
(2, 1, 135),
(3, 1, 99),
(4, 68, 41),
(5, 72, 38),
(6, 82, 115),
(7, 15, 42),
(8, 31, 125),
(9, 55, 193),
(10, 12, 163),
(11, 34, 148),
(12, 66, 129),
(13, 1, 102),
(14, 30, 148),
(15, 10, 102),
(16, 11, 171),
(17, 63, 140),
(18, 26, 115),
(19, 75, 103),
(20, 49, 102),
(21, 46, 195),
(22, 52, 23),
(23, 56, 193),
(24, 42, 112),
(25, 98, 159),
(26, 60, 19),
(27, 77, 54),
(28, 89, 30),
(29, 25, 50),
(30, 70, 49),
(31, 36, 59),
(32, 50, 43),
(33, 84, 52),
(34, 4, 180),
(35, 5, 175),
(36, 87, 98),
(37, 91, 47),
(38, 51, 173),
(39, 21, 95),
(40, 29, 5),
(41, 13, 174),
(42, 6, 93),
(43, 53, 172),
(44, 96, 48),
(45, 45, 94),
(46, 19, 149),
(47, 24, 191),
(48, 18, 109),
(49, 23, 105),
(50, 3, 11),
(51, 47, 195),
(52, 28, 52),
(53, 92, 175),
(54, 27, 88),
(55, 37, 56),
(56, 79, 44),
(57, 88, 89),
(58, 8, 94),
(59, 38, 162),
(60, 76, 54),
(61, 93, 112),
(62, 17, 33),
(63, 7, 169),
(64, 85, 144),
(65, 95, 199),
(66, 32, 102),
(67, 81, 99),
(68, 57, 141),
(69, 61, 187),
(70, 64, 109),
(71, 78, 150),
(72, 65, 77),
(73, 44, 79),
(74, 71, 180),
(75, 99, 140),
(76, 97, 18),
(77, 35, 11),
(78, 41, 199),
(79, 14, 126),
(80, 83, 172),
(81, 39, 145),
(82, 90, 189),
(83, 43, 105),
(84, 58, 54),
(85, 62, 51),
(86, 22, 39),
(87, 33, 49),
(88, 9, 142),
(89, 73, 80),
(90, 2, 192),
(91, 20, 167),
(92, 54, 40),
(93, 48, 189),
(94, 40, 63),
(95, 59, 46),
(96, 94, 77),
(97, 67, 24),
(98, 100, 113),
(99, 69, 130),
(100, 16, 45),
(128, 132, 258),
(129, 132, 258),
(130, 132, 199),
(131, 145, 256),
(132, 147, 256),
(133, 148, 256),
(134, 159, 256),
(135, 159, 1);

-- --------------------------------------------------------

--
-- Table structure for table `batch_statuses`
--

CREATE TABLE `batch_statuses` (
  `id` int(11) NOT NULL,
  `name` varchar(255) NOT NULL
) ENGINE=InnoDB DEFAULT CHARSET=utf8mb4 COLLATE=utf8mb4_general_ci;

--
-- Dumping data for table `batch_statuses`
--

INSERT INTO `batch_statuses` (`id`, `name`) VALUES
(1, 'Còn hàng'),
(2, 'Hết hàng'),
(3, 'Đang vận chuyển'),
(4, 'Hỏng'),
(5, 'Hết hạn'),
(6, 'Đã trả'),
(7, 'Được đặt trước'),
(8, 'Chờ kiểm tra'),
(9, 'Còn tồn'),
(10, 'Tạm dừng');

-- --------------------------------------------------------

--
-- Table structure for table `inventory`
--

CREATE TABLE `inventory` (
  `id` int(11) NOT NULL,
  `product_id` int(11) DEFAULT NULL,
  `stockdate` datetime NOT NULL,
  `quantity` int(11) DEFAULT NULL,
  `transaction_type` varchar(50) DEFAULT NULL,
  `transaction_id` int(11) DEFAULT NULL,
  `storage_area_id` int(11) DEFAULT NULL,
  `created_at` datetime NOT NULL DEFAULT current_timestamp()
) ENGINE=InnoDB DEFAULT CHARSET=utf8mb4 COLLATE=utf8mb4_general_ci;

--
-- Dumping data for table `inventory`
--

INSERT INTO `inventory` (`id`, `product_id`, `stockdate`, `quantity`, `transaction_type`, `transaction_id`, `storage_area_id`, `created_at`) VALUES
(1, 1, '2023-12-12 12:12:00', 800, '1', 15, 2, '2023-12-12 08:44:14'),
(4, 1, '2023-12-12 08:55:33', 800, '1', 15, 2, '2023-12-12 08:55:33'),
(5, 1, '2023-12-12 08:57:23', 800, '1', 15, 2, '2023-12-12 08:57:23'),
(6, 1, '2023-12-16 12:12:00', 800, '2', 16, 2, '2023-12-12 08:58:15'),
(7, 2, '2023-12-12 12:12:00', 4, '1', 17, NULL, '2023-12-12 09:44:28'),
(8, 2, '2023-12-14 03:11:00', 4, '1', 18, NULL, '2023-12-12 10:03:03'),
(9, 1, '2023-12-13 12:12:00', 5124, '2', 19, 2, '2023-12-12 12:24:02');

-- --------------------------------------------------------

--
-- Table structure for table `positions`
--

CREATE TABLE `positions` (
  `id` int(11) NOT NULL,
  `position_name` varchar(255) NOT NULL
) ENGINE=InnoDB DEFAULT CHARSET=utf8mb4 COLLATE=utf8mb4_general_ci;

--
-- Dumping data for table `positions`
--

INSERT INTO `positions` (`id`, `position_name`) VALUES
(0, 'Manager'),
(1, 'Staff');

-- --------------------------------------------------------

--
-- Table structure for table `products`
--

CREATE TABLE `products` (
  `id` int(11) NOT NULL,
  `name` varchar(255) NOT NULL,
  `price` int(11) NOT NULL,
  `image` varchar(255) DEFAULT NULL,
  `quantity_in_stock` int(11) DEFAULT NULL,
  `quantity_in_batch` int(11) NOT NULL DEFAULT 0,
  `manufacturing_date` date DEFAULT NULL,
  `expiry_date` date DEFAULT NULL,
  `unit` varchar(255) NOT NULL,
  `status_id` int(11) NOT NULL DEFAULT 1
) ENGINE=InnoDB DEFAULT CHARSET=utf8mb4 COLLATE=utf8mb4_general_ci;

--
-- Dumping data for table `products`
--

INSERT INTO `products` (`id`, `name`, `price`, `image`, `quantity_in_stock`, `quantity_in_batch`, `manufacturing_date`, `expiry_date`, `unit`, `status_id`) VALUES
(1, 'ASUS ROG Phone 7', 14000000, 'asusrogphone7.jpg', -4324, 59, '2023-08-17', '2024-03-30', 'Chiếc', 2),
(2, 'Amaz Fit Bip 5', 6800000, 'amazfitbip5.webp', 624, 884, '2023-05-09', '2024-02-18', 'Chiếc', 5),
(3, 'Huawei Matebook D14', 21000000, 'huaweimatebookd14.webp', 37, 380, '2023-02-18', '2024-09-27', 'Chiếc', 3),
(4, 'ASUS ROG STRIXG 15', 40000000, 'asusrogstrixg15.webp', 307, 421, '2023-09-28', '2024-07-29', 'Chiếc', 2),
(5, 'HP Z Book', 8000000, 'hpzbook.webp', 58, 909, '2023-07-21', '2024-01-21', 'Chiếc', 4),
(6, 'Ipad 10.2', 14000000, 'ipad10.2.webp', 873, 374, '2023-09-04', '2024-01-21', 'Chiếc', 6),
(7, 'MacPro 13M2', 93000000, 'macpro13m2.webp', 666, 443, '2023-09-15', '2024-09-10', 'Chiếc', 8),
(8, 'Iphone 15', 70000000, 'iphone15.jpeg', 733, 947, '2023-05-21', '2024-10-12', 'Chiếc', 10),
(9, 'Product 794', 94, 'image_3.jpg', 948, 665, '2023-06-12', '2024-05-03', '', 1),
(10, 'Product 874', 50, 'image_8.jpg', 956, 100, '2023-04-17', '2024-10-15', '', 1),
(11, 'Product 581', 59, 'image_2.jpg', 440, 462, '2022-12-08', '2024-06-28', '', 1),
(12, 'Product 611', 46, 'image_5.jpg', 151, 222, '2023-04-09', '2024-07-14', '', 1),
(13, 'Product 641', 91, 'image_6.jpg', 609, 25, '2023-08-17', '2024-05-04', '', 1),
(14, 'Product 708', 96, 'image_6.jpg', 604, 922, '2023-02-15', '2024-02-27', '', 1),
(15, 'Product 147', 42, 'image_6.jpg', 161, 744, '2023-09-09', '2024-11-17', '', 1),
(16, 'Product 495', 25, 'image_8.jpg', 237, 778, '2023-09-29', '2024-07-02', '', 1),
(17, 'Product 19', 3, 'image_1.jpg', 569, 434, '2023-06-19', '2023-12-08', '', 1),
(18, 'Product 323', 60, 'image_0.jpg', 405, 900, '2023-08-23', '2024-08-21', '', 1),
(19, 'Product 531', 44, 'image_6.jpg', 858, 373, '2023-08-20', '2024-04-06', '', 1),
(20, 'Product 114', 9, 'image_1.jpg', 286, 94, '2023-04-24', '2024-09-19', '', 1),
(21, 'Product 256', 89, 'image_7.jpg', 880, 259, '2023-04-09', '2024-06-03', '', 1),
(22, 'Product 150', 16, 'image_3.jpg', 346, 628, '2023-10-28', '2024-07-19', '', 1),
(23, 'Product 223', 65, 'image_6.jpg', 159, 913, '2023-11-02', '2024-08-17', '', 1),
(24, 'Product 172', 8, 'image_9.jpg', 390, 155, '2023-04-28', '2024-06-25', '', 1),
(25, 'Product 268', 37, 'image_0.jpg', 122, 472, '2022-12-07', '2024-06-23', '', 1),
(26, 'Product 296', 10, 'image_6.jpg', 868, 433, '2023-05-14', '2024-06-04', '', 1),
(27, 'Product 662', 80, 'image_0.jpg', 864, 146, '2023-10-15', '2024-03-07', '', 1),
(28, 'Product 595', 35, 'image_9.jpg', 871, 397, '2023-07-21', '2024-08-05', '', 1),
(29, 'Product 188', 21, 'image_5.jpg', 995, 384, '2022-12-27', '2024-06-15', '', 1),
(30, 'Product 654', 72, 'image_6.jpg', 27, 226, '2023-11-17', '2024-06-27', '', 1),
(31, 'Product 717', 53, 'image_5.jpg', 72, 752, '2023-05-20', '2024-05-20', '', 1),
(32, 'Product 987', 91, 'image_6.jpg', 355, 914, '2023-06-03', '2024-09-15', '', 1),
(33, 'Product 698', 26, 'image_2.jpg', 255, 654, '2023-06-03', '2024-06-28', '', 1),
(34, 'Product 888', 48, 'image_7.jpg', 422, 777, '2023-04-21', '2024-09-13', '', 1),
(35, 'Product 807', 95, 'image_3.jpg', 801, 13, '2023-04-06', '2024-03-13', '', 1),
(36, 'Product 117', 42, 'image_7.jpg', 515, 310, '2023-12-03', '2024-01-07', '', 1),
(37, 'Product 12', 68, 'image_3.jpg', 893, 295, '2023-02-16', '2024-01-12', '', 1),
(38, 'Product 382', 49, 'image_3.jpg', 55, 360, '2023-04-16', '2024-01-11', '', 1),
(39, 'Product 759', 95, 'image_4.jpg', 583, 449, '2023-06-06', '2024-01-23', '', 1),
(40, 'Product 590', 34, 'image_9.jpg', 836, 248, '2023-03-11', '2024-11-08', '', 1),
(41, 'Product 502', 12, 'image_1.jpg', 305, 110, '2023-04-16', '2024-10-10', '', 1),
(42, 'Product 202', 95, 'image_1.jpg', 9, 519, '2023-05-10', '2024-03-19', '', 1),
(43, 'Product 846', 0, 'image_4.jpg', 327, 237, '2023-09-21', '2024-03-27', '', 1),
(44, 'Product 819', 24, 'image_7.jpg', 8, 803, '2022-12-08', '2024-06-20', '', 1),
(45, 'Product 159', 51, 'image_1.jpg', 17, 744, '2023-04-05', '2024-01-11', '', 1),
(46, 'Product 312', 98, 'image_9.jpg', 0, 25, '2023-10-19', '2024-06-24', '', 1),
(47, 'Product 375', 64, 'image_1.jpg', 586, 616, '2023-08-09', '2024-09-08', '', 1),
(48, 'Product 986', 36, 'image_8.jpg', 219, 509, '2023-01-14', '2024-11-03', '', 1),
(49, 'Product 860', 53, 'image_0.jpg', 834, 910, '2023-11-16', '2024-06-09', '', 1),
(50, 'Product 628', 83, 'image_2.jpg', 961, 924, '2023-03-10', '2024-11-04', '', 1),
(51, 'Product 212', 87, 'image_7.jpg', 33, 976, '2023-02-23', '2024-11-22', '', 1),
(52, 'Product 660', 75, 'image_8.jpg', 796, 539, '2023-08-15', '2024-10-29', '', 1),
(53, 'Product 372', 0, 'image_9.jpg', 585, 163, '2023-11-13', '2024-09-24', '', 1),
(54, 'Product 890', 86, 'image_6.jpg', 660, 349, '2023-03-01', '2024-09-11', '', 1),
(55, 'Product 575', 13, 'image_9.jpg', 413, 167, '2023-04-29', '2024-06-03', '', 1),
(56, 'Product 994', 87, 'image_3.jpg', 341, 528, '2023-04-23', '2024-06-03', '', 1),
(57, 'Product 718', 66, 'image_1.jpg', 821, 620, '2023-04-16', '2024-04-01', '', 1),
(58, 'Product 618', 93, 'image_8.jpg', 235, 756, '2023-11-06', '2024-01-15', '', 1),
(59, 'Product 409', 99, 'image_7.jpg', 648, 70, '2023-07-08', '2024-10-03', '', 1),
(60, 'Product 198', 17, 'image_2.jpg', 839, 379, '2023-07-19', '2024-09-07', '', 1),
(61, 'Product 101', 46, 'image_0.jpg', 809, 915, '2023-10-10', '2023-12-07', '', 1),
(62, 'Product 940', 91, 'image_7.jpg', 134, 337, '2023-08-23', '2024-04-29', '', 1),
(63, 'Product 638', 68, 'image_4.jpg', 400, 538, '2023-06-09', '2024-10-02', '', 1),
(64, 'Product 944', 65, 'image_4.jpg', 344, 328, '2023-04-27', '2023-12-23', '', 1),
(65, 'Product 64', 98, 'image_7.jpg', 776, 636, '2023-01-27', '2024-04-11', '', 1),
(66, 'Product 25', 47, 'image_2.jpg', 29, 278, '2023-08-16', '2024-08-09', '', 1),
(67, 'Product 494', 94, 'image_2.jpg', 350, 41, '2023-10-08', '2024-07-31', '', 1),
(68, 'Product 137', 21, 'image_6.jpg', 763, 766, '2023-05-22', '2024-04-26', '', 1),
(69, 'Product 636', 8, 'image_5.jpg', 380, 318, '2023-06-24', '2024-03-17', '', 1),
(70, 'Product 567', 58, 'image_2.jpg', 273, 757, '2022-12-16', '2024-06-27', '', 1),
(71, 'Product 916', 81, 'image_3.jpg', 166, 867, '2023-02-01', '2024-07-06', '', 1),
(72, 'Product 421', 79, 'image_6.jpg', 69, 284, '2023-09-18', '2024-02-18', '', 1),
(73, 'Product 407', 81, 'image_8.jpg', 841, 634, '2023-04-12', '2024-04-03', '', 1),
(74, 'Product 639', 1, 'image_1.jpg', 695, 35, '2023-11-01', '2024-04-08', '', 1),
(75, 'Product 278', 0, 'image_1.jpg', 846, 724, '2023-11-05', '2024-02-27', '', 1),
(76, 'Product 922', 83, 'image_4.jpg', 561, 566, '2023-10-12', '2023-12-16', '', 1),
(77, 'Product 531', 47, 'image_8.jpg', 582, 498, '2023-03-07', '2024-02-26', '', 1),
(78, 'Product 936', 90, 'image_7.jpg', 821, 989, '2023-06-12', '2024-05-11', '', 1),
(79, 'Product 422', 87, 'image_0.jpg', 842, 938, '2023-10-06', '2023-12-05', '', 1),
(80, 'Product 650', 65, 'image_3.jpg', 626, 179, '2023-11-28', '2024-06-23', '', 1),
(81, 'Product 937', 52, 'image_8.jpg', 450, 841, '2023-01-26', '2024-09-04', '', 1),
(82, 'Product 782', 28, 'image_0.jpg', 504, 306, '2023-11-26', '2024-02-11', '', 1),
(83, 'Product 858', 63, 'image_5.jpg', 88, 648, '2022-12-14', '2024-11-05', '', 1),
(84, 'Product 729', 54, 'image_5.jpg', 58, 674, '2023-09-24', '2024-11-17', '', 1),
(85, 'Product 116', 99, 'image_6.jpg', 56, 465, '2023-10-08', '2024-04-24', '', 1),
(86, 'Product 228', 70, 'image_8.jpg', 34, 686, '2023-08-07', '2024-07-02', '', 1),
(87, 'Product 822', 37, 'image_4.jpg', 997, 708, '2023-05-19', '2024-07-13', '', 1),
(88, 'Product 207', 81, 'image_4.jpg', 817, 729, '2023-09-24', '2024-09-15', '', 1),
(89, 'Product 366', 79, 'image_8.jpg', 77, 702, '2023-08-25', '2024-03-18', '', 1),
(90, 'Product 162', 99, 'image_4.jpg', 446, 772, '2023-05-26', '2024-03-26', '', 1),
(91, 'Product 963', 87, 'image_5.jpg', 881, 898, '2023-01-30', '2024-06-15', '', 1),
(92, 'Product 65', 92, 'image_4.jpg', 363, 535, '2023-05-05', '2024-03-30', '', 1),
(93, 'Product 299', 94, 'image_8.jpg', 183, 513, '2023-11-28', '2024-06-19', '', 1),
(94, 'Product 732', 64, 'image_0.jpg', 163, 760, '2023-08-12', '2024-03-15', '', 1),
(95, 'Product 497', 8, 'image_9.jpg', 328, 900, '2023-05-30', '2024-10-22', '', 1),
(96, 'Product 725', 99, 'image_8.jpg', 100, 43, '2023-01-05', '2024-05-12', '', 1),
(97, 'Product 973', 49, 'image_5.jpg', 239, 567, '2023-10-22', '2024-10-26', '', 1),
(98, 'Product 926', 26, 'image_5.jpg', 855, 692, '2023-01-11', '2024-05-02', '', 1),
(99, 'Product 601', 90, 'image_7.jpg', 862, 169, '2023-09-01', '2024-09-17', '', 1),
(100, 'Product 502', 98, 'image_4.jpg', 169, 570, '2023-08-01', '2023-12-04', '', 1),
(101, 'Product 908', 59, 'image_2.jpg', 407, 328, '2023-07-05', '2024-01-09', '', 1),
(102, 'Product 961', 4, 'image_3.jpg', 644, 149, '2023-02-11', '2024-07-14', '', 1),
(103, 'Product 314', 67, 'image_4.jpg', 220, 750, '2023-11-02', '2024-02-11', '', 1),
(104, 'Product 849', 19, 'image_4.jpg', 614, 747, '2023-01-13', '2024-02-21', '', 1),
(105, 'Product 417', 84, 'image_9.jpg', 316, 670, '2023-07-10', '2023-12-09', '', 1),
(106, 'Product 245', 65, 'image_5.jpg', 720, 990, '2023-02-19', '2024-11-25', '', 1),
(107, 'Product 692', 88, 'image_3.jpg', 71, 323, '2023-07-11', '2023-12-16', '', 1),
(108, 'Product 750', 84, 'image_9.jpg', 244, 361, '2023-11-07', '2024-03-17', '', 1),
(109, 'Product 195', 34, 'image_1.jpg', 612, 677, '2023-05-17', '2024-08-24', '', 1),
(110, 'Product 685', 51, 'image_5.jpg', 972, 356, '2023-01-23', '2024-03-06', '', 1),
(111, 'Product 675', 31, 'image_5.jpg', 699, 920, '2023-06-05', '2024-08-31', '', 1),
(112, 'Product 872', 69, 'image_8.jpg', 304, 881, '2023-06-07', '2024-09-29', '', 1),
(113, 'Product 683', 52, 'image_5.jpg', 360, 36, '2023-10-28', '2024-04-27', '', 1),
(114, 'Product 263', 23, 'image_4.jpg', 316, 360, '2023-01-27', '2024-02-10', '', 1),
(115, 'Product 341', 56, 'image_7.jpg', 261, 938, '2023-01-08', '2024-08-22', '', 1),
(116, 'Product 199', 38, 'image_3.jpg', 461, 339, '2023-08-12', '2024-06-22', '', 1),
(117, 'Product 436', 72, 'image_3.jpg', 418, 135, '2023-07-04', '2024-08-14', '', 1),
(118, 'Product 39', 51, 'image_4.jpg', 798, 582, '2023-05-30', '2024-10-03', '', 1),
(119, 'Product 622', 23, 'image_3.jpg', 882, 455, '2023-04-19', '2024-09-13', '', 1),
(120, 'Product 690', 43, 'image_1.jpg', 256, 940, '2022-12-28', '2024-10-10', '', 1),
(121, 'Product 773', 46, 'image_0.jpg', 615, 74, '2023-05-27', '2024-04-25', '', 1),
(122, 'Product 823', 91, 'image_1.jpg', 779, 581, '2023-05-10', '2024-01-12', '', 1),
(123, 'Product 816', 59, 'image_5.jpg', 907, 916, '2023-01-24', '2024-06-25', '', 1),
(124, 'Product 369', 22, 'image_9.jpg', 307, 555, '2023-01-27', '2024-07-10', '', 1),
(125, 'Product 420', 76, 'image_5.jpg', 604, 276, '2023-05-11', '2023-12-09', '', 1),
(126, 'Product 800', 89, 'image_0.jpg', 698, 258, '2023-09-23', '2024-02-22', '', 1),
(127, 'Product 886', 90, 'image_8.jpg', 531, 117, '2022-12-07', '2024-07-15', '', 1),
(128, 'Product 618', 81, 'image_2.jpg', 612, 433, '2023-08-06', '2024-04-08', '', 1),
(129, 'Product 677', 15, 'image_7.jpg', 311, 286, '2023-06-05', '2024-07-23', '', 1),
(130, 'Product 495', 43, 'image_6.jpg', 170, 762, '2023-08-16', '2024-02-23', '', 1),
(131, 'Product 364', 20, 'image_9.jpg', 41, 411, '2022-12-28', '2024-05-12', '', 1),
(132, 'Product 639', 2, 'image_1.jpg', 902, 932, '2022-12-21', '2024-11-22', '', 1),
(133, 'Product 46', 25, 'image_1.jpg', 937, 266, '2023-05-30', '2024-09-16', '', 1),
(134, 'Product 574', 70, 'image_8.jpg', 966, 379, '2022-12-05', '2024-10-10', '', 1),
(135, 'Product 779', 9, 'image_1.jpg', 381, 507, '2023-07-13', '2024-05-18', '', 1),
(136, 'Product 76', 11, 'image_3.jpg', 431, 86, '2023-10-16', '2024-05-07', '', 1),
(137, 'Product 308', 39, 'image_0.jpg', 15, 962, '2023-03-01', '2024-11-06', '', 1),
(138, 'Product 968', 79, 'image_0.jpg', 902, 345, '2023-11-28', '2023-12-22', '', 1),
(139, 'Product 880', 78, 'image_2.jpg', 8, 229, '2023-10-22', '2024-10-30', '', 1),
(140, 'Product 192', 41, 'image_4.jpg', 210, 581, '2023-08-26', '2024-07-21', '', 1),
(141, 'Product 791', 94, 'image_3.jpg', 910, 505, '2023-02-16', '2024-05-23', '', 1),
(142, 'Product 362', 95, 'image_6.jpg', 500, 486, '2022-12-29', '2024-02-18', '', 1),
(143, 'Product 581', 18, 'image_1.jpg', 277, 892, '2023-04-19', '2024-05-23', '', 1),
(144, 'Product 912', 16, 'image_0.jpg', 991, 663, '2023-08-02', '2024-08-23', '', 1),
(145, 'Product 730', 91, 'image_3.jpg', 199, 829, '2023-05-19', '2024-03-03', '', 1),
(146, 'Product 265', 51, 'image_8.jpg', 450, 848, '2023-01-14', '2024-10-27', '', 1),
(147, 'Product 480', 89, 'image_0.jpg', 425, 65, '2023-11-15', '2023-12-28', '', 1),
(148, 'Product 686', 89, 'image_4.jpg', 484, 114, '2023-10-23', '2024-02-29', '', 1),
(149, 'Product 546', 17, 'image_2.jpg', 594, 307, '2023-03-05', '2024-10-03', '', 1),
(150, 'Product 108', 77, 'image_5.jpg', 426, 480, '2023-10-20', '2024-02-08', '', 1),
(151, 'Product 130', 4, 'image_8.jpg', 64, 799, '2023-02-15', '2024-07-15', '', 1),
(152, 'Product 512', 54, 'image_2.jpg', 365, 223, '2023-11-27', '2024-05-08', '', 1),
(153, 'Product 124', 37, 'image_5.jpg', 400, 484, '2023-09-14', '2024-08-02', '', 1),
(154, 'Product 243', 27, 'image_6.jpg', 473, 381, '2023-06-10', '2024-03-19', '', 1),
(155, 'Product 123', 61, 'image_7.jpg', 700, 372, '2023-03-02', '2024-08-11', '', 1),
(156, 'Product 748', 25, 'image_0.jpg', 318, 547, '2023-02-22', '2024-03-09', '', 1),
(157, 'Product 110', 61, 'image_7.jpg', 779, 730, '2023-08-13', '2024-04-16', '', 1),
(158, 'Product 413', 35, 'image_5.jpg', 653, 633, '2023-09-19', '2024-01-23', '', 1),
(159, 'Product 945', 51, 'image_7.jpg', 41, 65, '2023-09-21', '2024-09-28', '', 1),
(160, 'Product 997', 51, 'image_5.jpg', 316, 870, '2023-07-10', '2024-04-30', '', 1),
(161, 'Product 876', 92, 'image_9.jpg', 214, 76, '2023-03-09', '2024-05-23', '', 1),
(162, 'Product 241', 81, 'image_3.jpg', 308, 488, '2023-05-29', '2024-01-22', '', 1),
(163, 'Product 156', 44, 'image_7.jpg', 491, 158, '2023-08-11', '2024-01-12', '', 1),
(164, 'Product 613', 30, 'image_6.jpg', 560, 710, '2023-01-20', '2024-02-27', '', 1),
(165, 'Product 72', 69, 'image_2.jpg', 210, 275, '2023-03-07', '2024-10-29', '', 1),
(166, 'Product 721', 74, 'image_5.jpg', 529, 991, '2023-07-22', '2024-10-20', '', 1),
(167, 'Product 820', 22, 'image_6.jpg', 578, 946, '2022-12-05', '2024-01-26', '', 1),
(168, 'Product 288', 20, 'image_1.jpg', 154, 313, '2023-10-27', '2024-07-04', '', 1),
(169, 'Product 306', 69, 'image_5.jpg', 673, 716, '2023-05-15', '2024-07-25', '', 1),
(170, 'Product 768', 22, 'image_8.jpg', 373, 442, '2023-11-02', '2024-01-18', '', 1),
(171, 'Product 394', 91, 'image_3.jpg', 146, 600, '2023-05-12', '2023-12-14', '', 1),
(172, 'Product 123', 29, 'image_0.jpg', 608, 749, '2023-01-03', '2024-04-09', '', 1),
(173, 'Product 894', 50, 'image_8.jpg', 754, 207, '2023-02-26', '2024-02-29', '', 1),
(174, 'Product 677', 75, 'image_7.jpg', 367, 662, '2023-09-19', '2023-12-27', '', 1),
(175, 'Product 265', 25, 'image_4.jpg', 548, 361, '2023-10-07', '2024-08-23', '', 1),
(176, 'Product 484', 3, 'image_7.jpg', 429, 33, '2023-01-17', '2024-03-21', '', 1),
(177, 'Product 332', 12, 'image_6.jpg', 851, 315, '2023-11-26', '2024-02-03', '', 1),
(178, 'Product 353', 45, 'image_2.jpg', 680, 778, '2023-01-29', '2024-10-30', '', 1),
(179, 'Product 258', 30, 'image_7.jpg', 743, 528, '2023-07-06', '2024-05-30', '', 1),
(180, 'Product 526', 3, 'image_6.jpg', 919, 779, '2023-10-15', '2024-04-08', '', 1),
(181, 'Product 594', 98, 'image_1.jpg', 843, 732, '2023-10-17', '2024-05-20', '', 1),
(182, 'Product 194', 22, 'image_5.jpg', 982, 321, '2023-04-08', '2024-04-04', '', 1),
(183, 'Product 483', 32, 'image_1.jpg', 892, 943, '2023-11-20', '2024-04-15', '', 1),
(184, 'Product 434', 5, 'image_9.jpg', 714, 644, '2023-11-05', '2024-05-21', '', 1),
(185, 'Product 20', 85, 'image_2.jpg', 491, 822, '2023-04-15', '2024-08-28', '', 1),
(186, 'Product 584', 64, 'image_4.jpg', 424, 705, '2023-09-03', '2024-01-27', '', 1),
(187, 'Product 512', 58, 'image_3.jpg', 137, 557, '2023-07-21', '2024-02-12', '', 1),
(188, 'Product 653', 72, 'image_6.jpg', 207, 1, '2023-07-17', '2024-11-03', '', 1),
(189, 'Product 441', 88, 'image_1.jpg', 907, 193, '2023-09-05', '2024-07-29', '', 1),
(190, 'Product 669', 77, 'image_8.jpg', 933, 117, '2023-02-20', '2024-07-05', '', 1),
(191, 'Product 114', 84, 'image_8.jpg', 894, 814, '2023-07-15', '2024-06-04', '', 1),
(192, 'Product 211', 2, 'image_4.jpg', 374, 404, '2023-01-11', '2024-03-11', '', 1),
(193, 'Product 513', 57, 'image_3.jpg', 895, 507, '2023-01-27', '2024-08-29', '', 1),
(194, 'Product 467', 92, 'image_2.jpg', 355, 99, '2023-07-01', '2024-10-06', '', 1),
(195, 'Product 127', 84, 'image_8.jpg', 621, 618, '2023-09-13', '2024-03-14', '', 4),
(196, 'Product 706', 41, 'image_9.jpg', 434, 374, '2023-05-12', '2024-08-17', '', 5),
(197, 'Product 52', 76, 'image_6.jpg', 958, 847, '2023-07-25', '2024-03-10', '', 6),
(198, 'Product 441', 46, 'image_9.jpg', 565, 852, '2023-05-11', '2024-03-16', '', 7),
(199, 'Product 705', 39, 'image_8.jpg', 135, 82, '2023-12-02', '2024-09-17', '', 8),
(256, 'Sữa Milo', 8000, 'dádsa.jpg', 1, 0, '2023-01-01', '2023-02-01', 'Hộp', 7),
(257, 'Sữa Milo', 8000, 'acergamingaspire7.webp', 1, 0, '2023-12-04', '2023-12-06', 'Hộp', 7),
(258, 'Sữa Milo', 8000, 'acernitro5eagle.webp', 1, 0, '2023-12-04', '2023-12-06', 'Cái', 3),
(259, 'Nhi', 10000000, 'acergamingaspire7.webp', 13, 0, '2023-12-10', '2023-12-13', 'Em', 1);

-- --------------------------------------------------------

--
-- Table structure for table `product_statuses`
--

CREATE TABLE `product_statuses` (
  `id` int(11) NOT NULL,
  `name` varchar(50) NOT NULL
) ENGINE=InnoDB DEFAULT CHARSET=utf8mb4 COLLATE=utf8mb4_general_ci;

--
-- Dumping data for table `product_statuses`
--

INSERT INTO `product_statuses` (`id`, `name`) VALUES
(1, 'Còn hàng'),
(2, 'Hết hàng'),
(3, 'Ngừng kinh doanh'),
(4, 'Sắp ra mắt'),
(5, 'Khuyến mãi'),
(6, 'Hàng mới'),
(7, 'Khả dụng trực tuyến'),
(8, 'Chờ xử lý'),
(9, 'Chờ xác nhận'),
(10, 'Chờ thanh toán');

-- --------------------------------------------------------

--
-- Table structure for table `storage_areas`
--

CREATE TABLE `storage_areas` (
  `id` int(11) NOT NULL,
  `area_name` varchar(255) NOT NULL
) ENGINE=InnoDB DEFAULT CHARSET=utf8mb4 COLLATE=utf8mb4_general_ci;

--
-- Dumping data for table `storage_areas`
--

INSERT INTO `storage_areas` (`id`, `area_name`) VALUES
(1, 'Khu vực 4'),
(2, 'Khu vực 345'),
(3, 'Khu vực 2'),
(4, 'Khu vực 1'),
(5, 'Khu vực 0'),
(6, 'Khu vực -1'),
(7, 'Khu vực -2'),
(8, 'Khu vực -3'),
(9, 'Khu vực -4'),
(10, 'Khu vực -5'),
(11, 'Khu vực -6'),
(12, 'Khu vực -7'),
(13, 'Khu vực -8'),
(14, 'Khu vực -9'),
(15, 'Khu vực -10'),
(16, 'Khu vực -11'),
(17, 'Khu vực -12'),
(18, 'Khu vực -13'),
(19, 'Khu vực -14'),
(20, 'Khu vực -15'),
(21, 'Khu vực -16'),
(22, 'Khu vực -17'),
(23, 'Khu vực -18'),
(24, 'Khu vực -19'),
(25, 'Khu vực -20'),
(26, 'Khu vực -21'),
(27, 'Khu vực -22'),
(28, 'Khu vực -23'),
(29, 'Khu vực -24'),
(30, 'Khu vực -25'),
(31, 'Khu vực -26'),
(32, 'Khu vực -27'),
(33, 'Khu vực -28'),
(34, 'Khu vực -29'),
(35, 'Khu vực -30'),
(36, 'Khu vực -31'),
(37, 'Khu vực -32'),
(38, 'Khu vực -33'),
(39, 'Khu vực -34'),
(40, 'Khu vực -35'),
(41, 'Khu vực -36'),
(42, 'Khu vực -37'),
(43, 'Khu vực -38'),
(44, 'Khu vực -39'),
(45, 'Khu vực -40'),
(46, 'Khu vực -41'),
(47, 'Khu vực -42'),
(48, 'Khu vực -43'),
(49, 'Khu vực -44'),
(50, 'Khu vực -45'),
(51, 'Khu vực -46'),
(52, 'Khu vực -47'),
(53, 'Khu vực -48'),
(54, 'Khu vực -49'),
(55, 'Khu vực -50'),
(56, 'Khu vực -51'),
(57, 'Khu vực -52'),
(58, 'Khu vực -53'),
(59, 'Khu vực -54'),
(60, 'Khu vực -55'),
(61, 'Khu vực -56'),
(62, 'Khu vực -57'),
(63, 'Khu vực -58'),
(64, 'Khu vực -59'),
(65, 'Khu vực -60'),
(66, 'Khu vực -61'),
(67, 'Khu vực -62'),
(68, 'Khu vực -63'),
(69, 'Khu vực -64'),
(70, 'Khu vực -65'),
(71, 'Khu vực -66'),
(72, 'Khu vực -67'),
(73, 'Khu vực -68'),
(74, 'Khu vực -69'),
(75, 'Khu vực -70'),
(76, 'Khu vực -71'),
(77, 'Khu vực -72'),
(78, 'Khu vực -73'),
(79, 'Khu vực -74'),
(80, 'Khu vực -75'),
(81, 'Khu vực -76'),
(82, 'Khu vực -77'),
(83, 'Khu vực -78'),
(84, 'Khu vực -79'),
(85, 'Khu vực -80'),
(86, 'Khu vực -81'),
(87, 'Khu vực -82'),
(88, 'Khu vực -83'),
(89, 'Khu vực -84'),
(90, 'Khu vực -85'),
(91, 'Khu vực -86'),
(92, 'Khu vực -87'),
(93, 'Khu vực -88'),
(94, 'Khu vực -89'),
(95, 'Khu vực -90'),
(96, 'Khu vực -91'),
(97, 'Khu vực -92'),
(98, 'Khu vực -93'),
(99, 'Khu vực -94'),
(100, 'Khu vực -95'),
(101, 'Khu vực -96'),
(102, 'Khu vực -97'),
(103, 'Khu vực -98'),
(104, 'Khu vực -99'),
(105, 'Khu vực -100'),
(106, 'Khu vực -101'),
(107, 'Khu vực -102'),
(108, 'Khu vực -103'),
(109, 'Khu vực -104'),
(110, 'Khu vực -105'),
(111, 'Khu vực -106'),
(112, 'Khu vực -107'),
(113, 'Khu vực -108'),
(114, 'Khu vực -109'),
(115, 'Khu vực -110'),
(116, 'Khu vực -111'),
(117, 'Khu vực -112'),
(118, 'Khu vực -113'),
(119, 'Khu vực -114'),
(120, 'Khu vực -115'),
(121, 'Khu vực -116'),
(122, 'Khu vực -117'),
(123, 'Khu vực -118'),
(124, 'Khu vực -119'),
(125, 'Khu vực -120'),
(126, 'Khu vực -121'),
(127, 'Khu vực -122'),
(128, 'Khu vực -123'),
(129, 'Khu vực -124'),
(130, 'Khu vực -125'),
(131, 'Khu vực -126'),
(132, 'Khu vực -127'),
(133, 'Khu vực -128'),
(134, 'Khu vực -129'),
(135, 'Khu vực -130'),
(136, 'Khu vực -131'),
(137, 'Khu vực -132'),
(138, 'Khu vực -133'),
(139, 'Khu vực -134'),
(140, 'Khu vực -135'),
(141, 'Khu vực -136'),
(142, 'Khu vực -137'),
(143, 'Khu vực -138'),
(144, 'Khu vực -139'),
(145, 'Khu vực -140'),
(146, 'Khu vực -141'),
(147, 'Khu vực -142'),
(148, 'Khu vực -143'),
(149, 'Khu vực -144'),
(150, 'Khu vực -145'),
(151, 'Khu vực -146'),
(152, 'Khu vực -147'),
(153, 'Khu vực -148'),
(154, 'Khu vực -149'),
(155, 'Khu vực -150'),
(156, 'Khu vực -151'),
(157, 'Khu vực -152'),
(158, 'Khu vực -153'),
(159, 'Khu vực -154'),
(160, 'Khu vực -155'),
(161, 'Khu vực -156'),
(162, 'Khu vực -157'),
(163, 'Khu vực -158'),
(164, 'Khu vực -159'),
(165, 'Khu vực -160'),
(166, 'Khu vực -161'),
(167, 'Khu vực -162'),
(168, 'Khu vực -163'),
(169, 'Khu vực -164'),
(170, 'Khu vực -165'),
(171, 'Khu vực -166'),
(172, 'Khu vực -167'),
(173, 'Khu vực -168'),
(174, 'Khu vực -169'),
(175, 'Khu vực -170'),
(176, 'Khu vực -171'),
(177, 'Khu vực -172'),
(178, 'Khu vực -173'),
(179, 'Khu vực -174'),
(180, 'Khu vực -175'),
(181, 'Khu vực -176'),
(182, 'Khu vực -177'),
(183, 'Khu vực -178'),
(184, 'Khu vực -179'),
(185, 'Khu vực -180'),
(186, 'Khu vực -181'),
(187, 'Khu vực -182'),
(188, 'Khu vực -183'),
(189, 'Khu vực -184'),
(190, 'Khu vực -185'),
(191, 'Khu vực -186'),
(192, 'Khu vực -187'),
(193, 'Khu vực -188'),
(194, 'Khu vực -189'),
(195, 'Khu vực -190'),
(196, 'Khu vực -191'),
(197, 'Khu vực -192'),
(256, 'Khu vực 4'),
(257, 'Khu vực 3'),
(258, 'Khu vực 2'),
(259, 'Khu vực 1'),
(260, 'Khu vực 0'),
(261, 'Khu vực -1'),
(262, 'Khu vực -2'),
(263, 'Khu vực -3'),
(264, 'Khu vực -4'),
(265, 'Khu vực -5'),
(266, 'Khu vực -6'),
(267, 'Khu vực -7'),
(268, 'Khu vực -8'),
(269, 'Khu vực -9'),
(270, 'Khu vực -10'),
(271, 'Khu vực -11'),
(272, 'Khu vực -12'),
(273, 'Khu vực -13'),
(274, 'Khu vực -14'),
(275, 'Khu vực -15'),
(276, 'Khu vực -16'),
(277, 'Khu vực -17'),
(278, 'Khu vực -18'),
(279, 'Khu vực -19'),
(280, 'Khu vực -20'),
(281, 'Khu vực -21'),
(282, 'Khu vực -22'),
(283, 'Khu vực -23'),
(284, 'Khu vực -24'),
(285, 'Khu vực -25'),
(286, 'Khu vực -26'),
(287, 'Khu vực -27'),
(288, 'Khu vực -28'),
(289, 'Khu vực -29'),
(290, 'Khu vực -30'),
(291, 'Khu vực -31'),
(292, 'Khu vực -32'),
(293, 'Khu vực -33'),
(294, 'Khu vực -34'),
(295, 'Khu vực -35'),
(296, 'Khu vực -36'),
(297, 'Khu vực -37'),
(298, 'Khu vực -38'),
(299, 'Khu vực -39'),
(300, 'Khu vực -40'),
(301, 'Khu vực -41'),
(302, 'Khu vực -42'),
(303, 'Khu vực -43'),
(304, 'Khu vực -44'),
(305, 'Khu vực -45'),
(306, 'Khu vực -46'),
(307, 'Khu vực -47'),
(308, 'Khu vực -48'),
(309, 'Khu vực -49'),
(310, 'Khu vực -50'),
(311, 'Khu vực -51'),
(312, 'Khu vực -52'),
(313, 'Khu vực -53'),
(314, 'Khu vực -54'),
(315, 'Khu vực -55'),
(316, 'Khu vực -56'),
(317, 'Khu vực -57'),
(318, 'Khu vực -58'),
(319, 'Khu vực -59'),
(320, 'Khu vực -60'),
(321, 'Khu vực -61'),
(322, 'Khu vực -62'),
(323, 'Khu vực -63'),
(324, 'Khu vực -64'),
(325, 'Khu vực -65'),
(326, 'Khu vực -66'),
(327, 'Khu vực -67'),
(328, 'Khu vực -68'),
(329, 'Khu vực -69'),
(330, 'Khu vực -70'),
(331, 'Khu vực -71'),
(332, 'Khu vực -72'),
(333, 'Khu vực -73'),
(334, 'Khu vực -74'),
(335, 'Khu vực -75'),
(336, 'Khu vực -76'),
(337, 'Khu vực -77'),
(338, 'Khu vực -78'),
(339, 'Khu vực -79'),
(340, 'Khu vực -80'),
(341, 'Khu vực -81'),
(342, 'Khu vực -82'),
(343, 'Khu vực -83'),
(344, 'Khu vực -84'),
(345, 'Khu vực -85'),
(346, 'Khu vực -86'),
(347, 'Khu vực -87'),
(348, 'Khu vực -88'),
(349, 'Khu vực -89'),
(350, 'Khu vực -90'),
(351, 'Khu vực -91'),
(352, 'Khu vực -92'),
(353, 'Khu vực -93'),
(354, 'Khu vực -94'),
(355, 'Khu vực -95'),
(356, 'Khu vực -96'),
(357, 'Khu vực -97'),
(358, 'Khu vực -98'),
(359, 'Khu vực -99'),
(360, 'Khu vực -100'),
(361, 'Khu vực -101'),
(362, 'Khu vực -102'),
(363, 'Khu vực -103'),
(364, 'Khu vực -104'),
(365, 'Khu vực -105'),
(366, 'Khu vực -106'),
(367, 'Khu vực -107'),
(368, 'Khu vực -108'),
(369, 'Khu vực -109'),
(370, 'Khu vực -110'),
(371, 'Khu vực -111'),
(372, 'Khu vực -112'),
(373, 'Khu vực -113'),
(374, 'Khu vực -114'),
(375, 'Khu vực -115'),
(376, 'Khu vực -116'),
(377, 'Khu vực -117'),
(378, 'Khu vực -118'),
(379, 'Khu vực -119'),
(380, 'Khu vực -120'),
(381, 'Khu vực -121'),
(382, 'Khu vực -122'),
(383, 'Khu vực -123'),
(384, 'Khu vực -124'),
(385, 'Khu vực -125'),
(386, 'Khu vực -126'),
(387, 'Khu vực -127'),
(388, 'Khu vực -128'),
(389, 'Khu vực -129'),
(390, 'Khu vực -130'),
(391, 'Khu vực -131'),
(392, 'Khu vực -132'),
(393, 'Khu vực -133'),
(394, 'Khu vực -134'),
(395, 'Khu vực -135'),
(396, 'Khu vực -136'),
(397, 'Khu vực -137'),
(398, 'Khu vực -138'),
(399, 'Khu vực -139'),
(400, 'Khu vực -140'),
(401, 'Khu vực -141'),
(402, 'Khu vực -142'),
(403, 'Khu vực -143'),
(404, 'Khu vực -144'),
(405, 'Khu vực -145'),
(406, 'Khu vực -146'),
(407, 'Khu vực -147'),
(408, 'Khu vực -148'),
(409, 'Khu vực -149'),
(410, 'Khu vực -150'),
(411, 'Khu vực -151'),
(412, 'Khu vực -152'),
(413, 'Khu vực -153'),
(414, 'Khu vực -154'),
(415, 'Khu vực -155'),
(416, 'Khu vực -156'),
(417, 'Khu vực -157'),
(418, 'Khu vực -158'),
(419, 'Khu vực -159'),
(420, 'Khu vực -160'),
(421, 'Khu vực -161'),
(422, 'Khu vực -162'),
(423, 'Khu vực -163'),
(424, 'Khu vực -164'),
(425, 'Khu vực -165'),
(426, 'Khu vực -166'),
(427, 'Khu vực -167'),
(428, 'Khu vực -168'),
(429, 'Khu vực -169'),
(430, 'Khu vực -170'),
(431, 'Khu vực -171'),
(432, 'Khu vực -172'),
(433, 'Khu vực -173'),
(434, 'Khu vực -174'),
(435, 'Khu vực -175'),
(436, 'Khu vực -176'),
(437, 'Khu vực -177'),
(438, 'Khu vực -178'),
(439, 'Khu vực -179'),
(440, 'Khu vực -180'),
(441, 'Khu vực -181'),
(442, 'Khu vực -182'),
(443, 'Khu vực -183'),
(444, 'Khu vực -184'),
(445, 'Khu vực -185'),
(446, 'Khu vực -186'),
(447, 'Khu vực -187'),
(448, 'Khu vực -188'),
(449, 'Khu vực -189'),
(450, 'Khu vực -190'),
(451, 'Khu vực -191');

-- --------------------------------------------------------

--
-- Table structure for table `suppliers`
--

CREATE TABLE `suppliers` (
  `id` int(11) NOT NULL,
  `name` varchar(255) NOT NULL,
  `logo` varchar(255) DEFAULT NULL,
  `contact_person` varchar(255) DEFAULT NULL,
  `contact_number` varchar(15) DEFAULT NULL
) ENGINE=InnoDB DEFAULT CHARSET=utf8mb4 COLLATE=utf8mb4_general_ci;

--
-- Dumping data for table `suppliers`
--

INSERT INTO `suppliers` (`id`, `name`, `logo`, `contact_person`, `contact_number`) VALUES
(1, 'Vinamilk', 'vinamilk.webp', 'Ngô Thành Nam', '03857491235'),
(2, 'G7', 'g7.webp', 'Đỗ Chí Thanh', '07581734514'),
(3, 'Colgate', 'colgate.png', 'Chu Đức Nam', '01284739145'),
(4, 'Closeup', 'closeup.webp', 'Nguyễn Thành Đạt', '0973917532'),
(5, 'TH True Milk', 'thtruemilk.webp', 'Đỗ Văn Tiến', '01274524313'),
(6, 'Công ty TNHH AEON Việt Nam', 'apple2congtypec35w.webp', 'Trần Đức Thịnh', '0217843924'),
(7, 'Công ty TNHH Thương Mại VHC', 'applewatchseries845mm.webp', 'Doãn Chí Bình', '043894832'),
(8, 'Nhà cung cấp 2', 'logo2.png', 'Người liên hệ 2', '123456789201'),
(9, 'Nhà cung cấp 1', 'logo1.png', 'Người liên hệ 1', '123456789800'),
(12, 'Nhà cung cấp -2', 'logo-2.png', 'Người liên hệ -2', '123456789519'),
(13, 'Nhà cung cấp -3', 'logo-3.png', 'Người liên hệ -3', '123456789154'),
(14, 'Nhà cung cấp -4', 'logo-4.png', 'Người liên hệ -4', '123456789910'),
(15, 'Nhà cung cấp -5', 'logo-5.png', 'Người liên hệ -5', '123456789390'),
(16, 'Nhà cung cấp -6', 'logo-6.png', 'Người liên hệ -6', '123456789918'),
(17, 'Nhà cung cấp -7', 'logo-7.png', 'Người liên hệ -7', '123456789624'),
(18, 'Nhà cung cấp -8', 'logo-8.png', 'Người liên hệ -8', '123456789266'),
(19, 'Nhà cung cấp -9', 'logo-9.png', 'Người liên hệ -9', '123456789256'),
(20, 'Nhà cung cấp -10', 'logo-10.png', 'Người liên hệ -10', '123456789385'),
(21, 'Nhà cung cấp -11', 'logo-11.png', 'Người liên hệ -11', '123456789159'),
(22, 'Nhà cung cấp -12', 'logo-12.png', 'Người liên hệ -12', '123456789438'),
(23, 'Nhà cung cấp -13', 'logo-13.png', 'Người liên hệ -13', '123456789714'),
(24, 'Nhà cung cấp -14', 'logo-14.png', 'Người liên hệ -14', '123456789355'),
(25, 'Nhà cung cấp -15', 'logo-15.png', 'Người liên hệ -15', '123456789432'),
(26, 'Nhà cung cấp -16', 'logo-16.png', 'Người liên hệ -16', '123456789999'),
(27, 'Nhà cung cấp -17', 'logo-17.png', 'Người liên hệ -17', '123456789900'),
(28, 'Nhà cung cấp -18', 'logo-18.png', 'Người liên hệ -18', '123456789502'),
(29, 'Nhà cung cấp -19', 'logo-19.png', 'Người liên hệ -19', '123456789611'),
(30, 'Nhà cung cấp -20', 'logo-20.png', 'Người liên hệ -20', '123456789550'),
(31, 'Nhà cung cấp -21', 'logo-21.png', 'Người liên hệ -21', '123456789817'),
(32, 'Nhà cung cấp -22', 'logo-22.png', 'Người liên hệ -22', '123456789537'),
(33, 'Nhà cung cấp -23', 'logo-23.png', 'Người liên hệ -23', '123456789132'),
(34, 'Nhà cung cấp -24', 'logo-24.png', 'Người liên hệ -24', '123456789748'),
(35, 'Nhà cung cấp -25', 'logo-25.png', 'Người liên hệ -25', '123456789548'),
(36, 'Nhà cung cấp -26', 'logo-26.png', 'Người liên hệ -26', '123456789397'),
(37, 'Nhà cung cấp -27', 'logo-27.png', 'Người liên hệ -27', '123456789239'),
(38, 'Nhà cung cấp -28', 'logo-28.png', 'Người liên hệ -28', '123456789807'),
(39, 'Nhà cung cấp -29', 'logo-29.png', 'Người liên hệ -29', '123456789517'),
(40, 'Nhà cung cấp -30', 'logo-30.png', 'Người liên hệ -30', '123456789966'),
(41, 'Nhà cung cấp -31', 'logo-31.png', 'Người liên hệ -31', '123456789480'),
(42, 'Nhà cung cấp -32', 'logo-32.png', 'Người liên hệ -32', '123456789302'),
(43, 'Nhà cung cấp -33', 'logo-33.png', 'Người liên hệ -33', '123456789871'),
(44, 'Nhà cung cấp -34', 'logo-34.png', 'Người liên hệ -34', '123456789650'),
(45, 'Nhà cung cấp -35', 'logo-35.png', 'Người liên hệ -35', '123456789536'),
(46, 'Nhà cung cấp -36', 'logo-36.png', 'Người liên hệ -36', '123456789633'),
(47, 'Nhà cung cấp -37', 'logo-37.png', 'Người liên hệ -37', '123456789557'),
(48, 'Nhà cung cấp -38', 'logo-38.png', 'Người liên hệ -38', '123456789784'),
(49, 'Nhà cung cấp -39', 'logo-39.png', 'Người liên hệ -39', '123456789350'),
(50, 'Nhà cung cấp -40', 'logo-40.png', 'Người liên hệ -40', '123456789199'),
(51, 'Nhà cung cấp -41', 'logo-41.png', 'Người liên hệ -41', '123456789746'),
(52, 'Nhà cung cấp -42', 'logo-42.png', 'Người liên hệ -42', '123456789331'),
(53, 'Nhà cung cấp -43', 'logo-43.png', 'Người liên hệ -43', '123456789219'),
(54, 'Nhà cung cấp -44', 'logo-44.png', 'Người liên hệ -44', '123456789904'),
(55, 'Nhà cung cấp -45', 'logo-45.png', 'Người liên hệ -45', '123456789161'),
(56, 'Nhà cung cấp -46', 'logo-46.png', 'Người liên hệ -46', '123456789693'),
(57, 'Nhà cung cấp -47', 'logo-47.png', 'Người liên hệ -47', '123456789183'),
(58, 'Nhà cung cấp -48', 'logo-48.png', 'Người liên hệ -48', '123456789535'),
(59, 'Nhà cung cấp -49', 'logo-49.png', 'Người liên hệ -49', '123456789228'),
(60, 'Nhà cung cấp -50', 'logo-50.png', 'Người liên hệ -50', '123456789335'),
(61, 'Nhà cung cấp -51', 'logo-51.png', 'Người liên hệ -51', '123456789891'),
(62, 'Nhà cung cấp -52', 'logo-52.png', 'Người liên hệ -52', '123456789651'),
(63, 'Nhà cung cấp -53', 'logo-53.png', 'Người liên hệ -53', '123456789484'),
(64, 'Nhà cung cấp -54', 'logo-54.png', 'Người liên hệ -54', '123456789366'),
(65, 'Nhà cung cấp -55', 'logo-55.png', 'Người liên hệ -55', '123456789279'),
(66, 'Nhà cung cấp -56', 'logo-56.png', 'Người liên hệ -56', '123456789196'),
(67, 'Nhà cung cấp -57', 'logo-57.png', 'Người liên hệ -57', '123456789944'),
(68, 'Nhà cung cấp -58', 'logo-58.png', 'Người liên hệ -58', '123456789431'),
(69, 'Nhà cung cấp -59', 'logo-59.png', 'Người liên hệ -59', '123456789125'),
(70, 'Nhà cung cấp -60', 'logo-60.png', 'Người liên hệ -60', '123456789134'),
(71, 'Nhà cung cấp -61', 'logo-61.png', 'Người liên hệ -61', '123456789196'),
(72, 'Nhà cung cấp -62', 'logo-62.png', 'Người liên hệ -62', '123456789479'),
(73, 'Nhà cung cấp -63', 'logo-63.png', 'Người liên hệ -63', '123456789804'),
(74, 'Nhà cung cấp -64', 'logo-64.png', 'Người liên hệ -64', '123456789686'),
(75, 'Nhà cung cấp -65', 'logo-65.png', 'Người liên hệ -65', '123456789920'),
(76, 'Nhà cung cấp -66', 'logo-66.png', 'Người liên hệ -66', '123456789639'),
(77, 'Nhà cung cấp -67', 'logo-67.png', 'Người liên hệ -67', '123456789338'),
(78, 'Nhà cung cấp -68', 'logo-68.png', 'Người liên hệ -68', '123456789573'),
(79, 'Nhà cung cấp -69', 'logo-69.png', 'Người liên hệ -69', '123456789852'),
(80, 'Nhà cung cấp -70', 'logo-70.png', 'Người liên hệ -70', '123456789642'),
(81, 'Nhà cung cấp -71', 'logo-71.png', 'Người liên hệ -71', '123456789553'),
(82, 'Nhà cung cấp -72', 'logo-72.png', 'Người liên hệ -72', '123456789741'),
(83, 'Nhà cung cấp -73', 'logo-73.png', 'Người liên hệ -73', '123456789144'),
(84, 'Nhà cung cấp -74', 'logo-74.png', 'Người liên hệ -74', '123456789199'),
(85, 'Nhà cung cấp -75', 'logo-75.png', 'Người liên hệ -75', '123456789462'),
(86, 'Nhà cung cấp -76', 'logo-76.png', 'Người liên hệ -76', '123456789714'),
(87, 'Nhà cung cấp -77', 'logo-77.png', 'Người liên hệ -77', '123456789286'),
(88, 'Nhà cung cấp -78', 'logo-78.png', 'Người liên hệ -78', '123456789989'),
(89, 'Nhà cung cấp -79', 'logo-79.png', 'Người liên hệ -79', '123456789388'),
(90, 'Nhà cung cấp -80', 'logo-80.png', 'Người liên hệ -80', '123456789671'),
(91, 'Nhà cung cấp -81', 'logo-81.png', 'Người liên hệ -81', '123456789293'),
(92, 'Nhà cung cấp -82', 'logo-82.png', 'Người liên hệ -82', '123456789254'),
(93, 'Nhà cung cấp -83', 'logo-83.png', 'Người liên hệ -83', '123456789290'),
(94, 'Nhà cung cấp -84', 'logo-84.png', 'Người liên hệ -84', '123456789588'),
(95, 'Nhà cung cấp -85', 'logo-85.png', 'Người liên hệ -85', '123456789173'),
(96, 'Nhà cung cấp -86', 'logo-86.png', 'Người liên hệ -86', '123456789799'),
(97, 'Nhà cung cấp -87', 'logo-87.png', 'Người liên hệ -87', '123456789678'),
(98, 'Nhà cung cấp -88', 'logo-88.png', 'Người liên hệ -88', '123456789891'),
(99, 'Nhà cung cấp -89', 'logo-89.png', 'Người liên hệ -89', '123456789524'),
(100, 'Nhà cung cấp -90', 'logo-90.png', 'Người liên hệ -90', '123456789749'),
(101, 'Nhà cung cấp -91', 'logo-91.png', 'Người liên hệ -91', '123456789270'),
(102, 'Nhà cung cấp -92', 'logo-92.png', 'Người liên hệ -92', '123456789805'),
(103, 'Nhà cung cấp -93', 'logo-93.png', 'Người liên hệ -93', '123456789414'),
(104, 'Nhà cung cấp -94', 'logo-94.png', 'Người liên hệ -94', '123456789457'),
(105, 'Nhà cung cấp -95', 'logo-95.png', 'Người liên hệ -95', '123456789941'),
(106, 'Nhà cung cấp -96', 'logo-96.png', 'Người liên hệ -96', '123456789537'),
(107, 'Nhà cung cấp -97', 'logo-97.png', 'Người liên hệ -97', '123456789661'),
(108, 'Nhà cung cấp -98', 'logo-98.png', 'Người liên hệ -98', '123456789693'),
(109, 'Nhà cung cấp -99', 'logo-99.png', 'Người liên hệ -99', '123456789484'),
(110, 'Nhà cung cấp -100', 'logo-100.png', 'Người liên hệ -100', '123456789242'),
(111, 'Nhà cung cấp -101', 'logo-101.png', 'Người liên hệ -101', '123456789558'),
(112, 'Nhà cung cấp -102', 'logo-102.png', 'Người liên hệ -102', '123456789166'),
(113, 'Nhà cung cấp -103', 'logo-103.png', 'Người liên hệ -103', '123456789855'),
(114, 'Nhà cung cấp -104', 'logo-104.png', 'Người liên hệ -104', '123456789977'),
(115, 'Nhà cung cấp -105', 'logo-105.png', 'Người liên hệ -105', '123456789420'),
(116, 'Nhà cung cấp -106', 'logo-106.png', 'Người liên hệ -106', '123456789872'),
(117, 'Nhà cung cấp -107', 'logo-107.png', 'Người liên hệ -107', '123456789299'),
(118, 'Nhà cung cấp -108', 'logo-108.png', 'Người liên hệ -108', '123456789581'),
(119, 'Nhà cung cấp -109', 'logo-109.png', 'Người liên hệ -109', '123456789109'),
(120, 'Nhà cung cấp -110', 'logo-110.png', 'Người liên hệ -110', '123456789501'),
(121, 'Nhà cung cấp -111', 'logo-111.png', 'Người liên hệ -111', '123456789280'),
(122, 'Nhà cung cấp -112', 'logo-112.png', 'Người liên hệ -112', '123456789696'),
(123, 'Nhà cung cấp -113', 'logo-113.png', 'Người liên hệ -113', '123456789741'),
(124, 'Nhà cung cấp -114', 'logo-114.png', 'Người liên hệ -114', '123456789616'),
(125, 'Nhà cung cấp -115', 'logo-115.png', 'Người liên hệ -115', '123456789757'),
(126, 'Nhà cung cấp -116', 'logo-116.png', 'Người liên hệ -116', '123456789938'),
(127, 'Nhà cung cấp -117', 'logo-117.png', 'Người liên hệ -117', '123456789521'),
(128, 'Nhà cung cấp -118', 'logo-118.png', 'Người liên hệ -118', '123456789591'),
(129, 'Nhà cung cấp -119', 'logo-119.png', 'Người liên hệ -119', '123456789392'),
(130, 'Nhà cung cấp -120', 'logo-120.png', 'Người liên hệ -120', '123456789988'),
(131, 'Nhà cung cấp -121', 'logo-121.png', 'Người liên hệ -121', '123456789966'),
(132, 'Nhà cung cấp -122', 'logo-122.png', 'Người liên hệ -122', '123456789863'),
(133, 'Nhà cung cấp -123', 'logo-123.png', 'Người liên hệ -123', '123456789420'),
(134, 'Nhà cung cấp -124', 'logo-124.png', 'Người liên hệ -124', '123456789312'),
(135, 'Nhà cung cấp -125', 'logo-125.png', 'Người liên hệ -125', '123456789202'),
(136, 'Nhà cung cấp -126', 'logo-126.png', 'Người liên hệ -126', '123456789872'),
(137, 'Nhà cung cấp -127', 'logo-127.png', 'Người liên hệ -127', '123456789956'),
(138, 'Nhà cung cấp -128', 'logo-128.png', 'Người liên hệ -128', '123456789266'),
(139, 'Nhà cung cấp -129', 'logo-129.png', 'Người liên hệ -129', '123456789161'),
(140, 'Nhà cung cấp -130', 'logo-130.png', 'Người liên hệ -130', '123456789808'),
(141, 'Nhà cung cấp -131', 'logo-131.png', 'Người liên hệ -131', '123456789756'),
(142, 'Nhà cung cấp -132', 'logo-132.png', 'Người liên hệ -132', '123456789357'),
(143, 'Nhà cung cấp -133', 'logo-133.png', 'Người liên hệ -133', '123456789318'),
(144, 'Nhà cung cấp -134', 'logo-134.png', 'Người liên hệ -134', '123456789419'),
(145, 'Nhà cung cấp -135', 'logo-135.png', 'Người liên hệ -135', '123456789144'),
(146, 'Nhà cung cấp -136', 'logo-136.png', 'Người liên hệ -136', '123456789260'),
(147, 'Nhà cung cấp -137', 'logo-137.png', 'Người liên hệ -137', '123456789770'),
(148, 'Nhà cung cấp -138', 'logo-138.png', 'Người liên hệ -138', '123456789271'),
(149, 'Nhà cung cấp -139', 'logo-139.png', 'Người liên hệ -139', '123456789747'),
(150, 'Nhà cung cấp -140', 'logo-140.png', 'Người liên hệ -140', '123456789121'),
(151, 'Nhà cung cấp -141', 'logo-141.png', 'Người liên hệ -141', '123456789964'),
(152, 'Nhà cung cấp -142', 'logo-142.png', 'Người liên hệ -142', '123456789756'),
(153, 'Nhà cung cấp -143', 'logo-143.png', 'Người liên hệ -143', '123456789791'),
(154, 'Nhà cung cấp -144', 'logo-144.png', 'Người liên hệ -144', '123456789688'),
(155, 'Nhà cung cấp -145', 'logo-145.png', 'Người liên hệ -145', '123456789965'),
(156, 'Nhà cung cấp -146', 'logo-146.png', 'Người liên hệ -146', '123456789864'),
(157, 'Nhà cung cấp -147', 'logo-147.png', 'Người liên hệ -147', '123456789425'),
(158, 'Nhà cung cấp -148', 'logo-148.png', 'Người liên hệ -148', '123456789333'),
(159, 'Nhà cung cấp -149', 'logo-149.png', 'Người liên hệ -149', '123456789290'),
(160, 'Nhà cung cấp -150', 'logo-150.png', 'Người liên hệ -150', '123456789351'),
(161, 'Nhà cung cấp -151', 'logo-151.png', 'Người liên hệ -151', '123456789787'),
(162, 'Nhà cung cấp -152', 'logo-152.png', 'Người liên hệ -152', '123456789981'),
(163, 'Nhà cung cấp -153', 'logo-153.png', 'Người liên hệ -153', '123456789643'),
(164, 'Nhà cung cấp -154', 'logo-154.png', 'Người liên hệ -154', '123456789176'),
(165, 'Nhà cung cấp -155', 'logo-155.png', 'Người liên hệ -155', '123456789649'),
(166, 'Nhà cung cấp -156', 'logo-156.png', 'Người liên hệ -156', '123456789818'),
(167, 'Nhà cung cấp -157', 'logo-157.png', 'Người liên hệ -157', '123456789243'),
(168, 'Nhà cung cấp -158', 'logo-158.png', 'Người liên hệ -158', '123456789460'),
(169, 'Nhà cung cấp -159', 'logo-159.png', 'Người liên hệ -159', '123456789573'),
(170, 'Nhà cung cấp -160', 'logo-160.png', 'Người liên hệ -160', '123456789486'),
(171, 'Nhà cung cấp -161', 'logo-161.png', 'Người liên hệ -161', '123456789613'),
(172, 'Nhà cung cấp -162', 'logo-162.png', 'Người liên hệ -162', '123456789607'),
(173, 'Nhà cung cấp -163', 'logo-163.png', 'Người liên hệ -163', '123456789195'),
(174, 'Nhà cung cấp -164', 'logo-164.png', 'Người liên hệ -164', '123456789857'),
(175, 'Nhà cung cấp -165', 'logo-165.png', 'Người liên hệ -165', '123456789900'),
(176, 'Nhà cung cấp -166', 'logo-166.png', 'Người liên hệ -166', '123456789928'),
(177, 'Nhà cung cấp -167', 'logo-167.png', 'Người liên hệ -167', '123456789942'),
(178, 'Nhà cung cấp -168', 'logo-168.png', 'Người liên hệ -168', '123456789927'),
(179, 'Nhà cung cấp -169', 'logo-169.png', 'Người liên hệ -169', '123456789810'),
(180, 'Nhà cung cấp -170', 'logo-170.png', 'Người liên hệ -170', '123456789270'),
(181, 'Nhà cung cấp -171', 'logo-171.png', 'Người liên hệ -171', '123456789618'),
(182, 'Nhà cung cấp -172', 'logo-172.png', 'Người liên hệ -172', '123456789380'),
(183, 'Nhà cung cấp -173', 'logo-173.png', 'Người liên hệ -173', '123456789846'),
(184, 'Nhà cung cấp -174', 'logo-174.png', 'Người liên hệ -174', '123456789292'),
(185, 'Nhà cung cấp -175', 'logo-175.png', 'Người liên hệ -175', '123456789620'),
(186, 'Nhà cung cấp -176', 'logo-176.png', 'Người liên hệ -176', '123456789327'),
(187, 'Nhà cung cấp -177', 'logo-177.png', 'Người liên hệ -177', '123456789573'),
(188, 'Nhà cung cấp -178', 'logo-178.png', 'Người liên hệ -178', '123456789885'),
(189, 'Nhà cung cấp -179', 'logo-179.png', 'Người liên hệ -179', '123456789809'),
(190, 'Nhà cung cấp -180', 'logo-180.png', 'Người liên hệ -180', '123456789389'),
(191, 'Nhà cung cấp -181', 'logo-181.png', 'Người liên hệ -181', '123456789319'),
(192, 'Nhà cung cấp -182', 'logo-182.png', 'Người liên hệ -182', '123456789327'),
(193, 'Nhà cung cấp -183', 'logo-183.png', 'Người liên hệ -183', '123456789581'),
(194, 'Nhà cung cấp -184', 'logo-184.png', 'Người liên hệ -184', '123456789925'),
(195, 'Nhà cung cấp -185', 'logo-185.png', 'Người liên hệ -185', '123456789980');

-- --------------------------------------------------------

--
-- Table structure for table `transactions`
--

CREATE TABLE `transactions` (
  `id` int(11) NOT NULL,
  `product_id` int(11) NOT NULL,
  `transaction_date` datetime NOT NULL DEFAULT current_timestamp(),
  `transaction_type_id` int(11) NOT NULL,
  `quantity_changed` int(11) NOT NULL,
  `storage_area_id` int(11) DEFAULT NULL,
  `account_id` int(11) DEFAULT NULL,
  `transaction_code` varchar(255) NOT NULL,
  `status_id` int(1) NOT NULL DEFAULT 1,
  `previous_quantity` int(11) DEFAULT NULL,
  `total_amount` int(11) DEFAULT NULL
) ENGINE=InnoDB DEFAULT CHARSET=utf8mb4 COLLATE=utf8mb4_general_ci;

--
-- Dumping data for table `transactions`
--

INSERT INTO `transactions` (`id`, `product_id`, `transaction_date`, `transaction_type_id`, `quantity_changed`, `storage_area_id`, `account_id`, `transaction_code`, `status_id`, `previous_quantity`, `total_amount`) VALUES
(1, 259, '2023-11-11 01:20:23', 1, 31, 1, 1, 'B6A40O', 1, 32, 13000000),
(2, 1, '2023-11-11 13:13:13', 2, 32, 3, 3, 'ADW91A', 1, 32, 4123414),
(3, 1, '2023-12-11 12:12:00', 1, 41, 1, 4, 'AAAX4U', 2, 665, 1066),
(4, 1, '2023-12-11 12:12:00', 1, 24, 4, 4, 'WD6V8K', 3, 665, 624),
(5, 1, '2023-12-11 12:12:00', 1, 13, 2, 4, 'TWNIWY', 1, 689, 338),
(6, 1, '2023-12-11 12:12:00', 1, 3, 1, 4, 'P5JR54', 1, 702, 78),
(7, 1, '2023-12-11 12:12:00', 1, 3, 1, 4, 'P5JR54', 1, 702, 78),
(8, 1, '2023-12-13 12:12:00', 1, 4, 2, 4, 'C6ZE07', 1, 702, 104),
(9, 1, '2023-12-11 12:12:00', 1, 4, 2, 4, '4ZYS5J', 2, 706, 104),
(10, 1, '2023-12-11 12:12:00', 1, 4, 2, 4, 'ZT6Q9D', 2, 706, 104),
(11, 1, '2023-12-11 12:12:00', 2, 31, 2, 4, 'DA7OKS', 1, 706, 806),
(12, 1, '2023-12-11 12:12:00', 2, 3, 2, 4, '891PZH', 2, 675, 78),
(13, 259, '2023-12-12 12:12:00', 1, 12, 1, 4, 'QOK4FA', 1, 1, 120000000),
(14, 1, '2023-12-15 12:12:00', 2, 123, 2, 4, 'GIJGQ7', 1, 675, 3198),
(15, 1, '2023-12-12 12:12:00', 1, 10, 2, 4, 'J4WCJ3', 1, 798, 104),
(16, 1, '2023-12-16 12:12:00', 2, 48, 2, 4, 'HQKSD2', 1, 848, 1248),
(17, 2, '2023-12-12 12:12:00', 1, 4, NULL, 4, 'IIS6LO', 1, 616, 272),
(18, 2, '2023-12-14 03:11:00', 1, 4, NULL, 4, 'LILKQS', 1, 620, 272),
(19, 1, '2023-12-12 12:12:00', 2, 5124, 2, 4, 'H0YK6S', 1, 800, 133224);

-- --------------------------------------------------------

--
-- Table structure for table `transaction_statuses`
--

CREATE TABLE `transaction_statuses` (
  `id` int(11) NOT NULL,
  `name` varchar(50) NOT NULL,
  `description` text DEFAULT NULL,
  `created_at` datetime NOT NULL DEFAULT current_timestamp(),
  `updated_at` datetime DEFAULT NULL
) ENGINE=InnoDB DEFAULT CHARSET=utf8mb4 COLLATE=utf8mb4_general_ci;

--
-- Dumping data for table `transaction_statuses`
--

INSERT INTO `transaction_statuses` (`id`, `name`, `description`, `created_at`, `updated_at`) VALUES
(1, 'Hoàn thành', 'Giao dịch đã hoàn thành', '2023-12-11 18:55:18', '2023-12-11 18:55:18'),
(2, 'Đang xử lý', 'Giao dịch đang trong quá trình xử lý', '2023-12-11 18:55:18', '2023-12-11 18:55:18'),
(3, 'Hủy bỏ', 'Giao dịch đã bị hủy bỏ', '2023-12-11 18:55:18', '2023-12-11 18:55:18');

-- --------------------------------------------------------

--
-- Table structure for table `transaction_types`
--

CREATE TABLE `transaction_types` (
  `id` int(11) NOT NULL,
  `name` varchar(255) NOT NULL,
  `description` text DEFAULT NULL,
  `created_at` datetime NOT NULL DEFAULT current_timestamp(),
  `updated_at` datetime DEFAULT NULL
) ENGINE=InnoDB DEFAULT CHARSET=utf8mb4 COLLATE=utf8mb4_general_ci;

--
-- Dumping data for table `transaction_types`
--

INSERT INTO `transaction_types` (`id`, `name`, `description`, `created_at`, `updated_at`) VALUES
(1, 'Nhập kho', 'Giao dịch nhập sản phẩm vào kho', '2023-12-04 10:33:00', '2023-12-04 10:33:00'),
(2, 'Xuất kho', 'Giao dịch xuất sản phẩm từ kho', '2023-12-04 10:33:00', '2023-12-04 10:33:00');

--
-- Indexes for dumped tables
--

--
-- Indexes for table `accounts`
--
ALTER TABLE `accounts`
  ADD PRIMARY KEY (`id`),
  ADD KEY `position_id` (`position_id`);

--
-- Indexes for table `batches`
--
ALTER TABLE `batches`
  ADD PRIMARY KEY (`id`),
  ADD KEY `supplier_id` (`supplier_id`),
  ADD KEY `storage_area_id` (`storage_area_id`),
  ADD KEY `status_id` (`status_id`);

--
-- Indexes for table `batch_products`
--
ALTER TABLE `batch_products`
  ADD PRIMARY KEY (`id`),
  ADD KEY `batch_id` (`batch_id`),
  ADD KEY `product_id` (`product_id`);

--
-- Indexes for table `batch_statuses`
--
ALTER TABLE `batch_statuses`
  ADD PRIMARY KEY (`id`);

--
-- Indexes for table `inventory`
--
ALTER TABLE `inventory`
  ADD PRIMARY KEY (`id`),
  ADD KEY `product_id` (`product_id`),
  ADD KEY `transaction_id` (`transaction_id`),
  ADD KEY `storage_area_id` (`storage_area_id`);

--
-- Indexes for table `positions`
--
ALTER TABLE `positions`
  ADD PRIMARY KEY (`id`);

--
-- Indexes for table `products`
--
ALTER TABLE `products`
  ADD PRIMARY KEY (`id`),
  ADD KEY `status_id` (`status_id`);

--
-- Indexes for table `product_statuses`
--
ALTER TABLE `product_statuses`
  ADD PRIMARY KEY (`id`);

--
-- Indexes for table `storage_areas`
--
ALTER TABLE `storage_areas`
  ADD PRIMARY KEY (`id`);

--
-- Indexes for table `suppliers`
--
ALTER TABLE `suppliers`
  ADD PRIMARY KEY (`id`);

--
-- Indexes for table `transactions`
--
ALTER TABLE `transactions`
  ADD PRIMARY KEY (`id`),
  ADD KEY `product_id` (`product_id`),
  ADD KEY `transaction_type_id` (`transaction_type_id`),
  ADD KEY `storage_area_id` (`storage_area_id`),
  ADD KEY `account_id` (`account_id`),
  ADD KEY `status_id` (`status_id`);

--
-- Indexes for table `transaction_statuses`
--
ALTER TABLE `transaction_statuses`
  ADD PRIMARY KEY (`id`);

--
-- Indexes for table `transaction_types`
--
ALTER TABLE `transaction_types`
  ADD PRIMARY KEY (`id`);

--
-- AUTO_INCREMENT for dumped tables
--

--
-- AUTO_INCREMENT for table `accounts`
--
ALTER TABLE `accounts`
  MODIFY `id` int(11) NOT NULL AUTO_INCREMENT, AUTO_INCREMENT=206;

--
-- AUTO_INCREMENT for table `batches`
--
ALTER TABLE `batches`
  MODIFY `id` int(11) NOT NULL AUTO_INCREMENT, AUTO_INCREMENT=160;

--
-- AUTO_INCREMENT for table `batch_products`
--
ALTER TABLE `batch_products`
  MODIFY `id` int(11) NOT NULL AUTO_INCREMENT, AUTO_INCREMENT=136;

--
-- AUTO_INCREMENT for table `batch_statuses`
--
ALTER TABLE `batch_statuses`
  MODIFY `id` int(11) NOT NULL AUTO_INCREMENT, AUTO_INCREMENT=11;

--
-- AUTO_INCREMENT for table `inventory`
--
ALTER TABLE `inventory`
  MODIFY `id` int(11) NOT NULL AUTO_INCREMENT, AUTO_INCREMENT=10;

--
-- AUTO_INCREMENT for table `products`
--
ALTER TABLE `products`
  MODIFY `id` int(11) NOT NULL AUTO_INCREMENT, AUTO_INCREMENT=260;

--
-- AUTO_INCREMENT for table `product_statuses`
--
ALTER TABLE `product_statuses`
  MODIFY `id` int(11) NOT NULL AUTO_INCREMENT, AUTO_INCREMENT=11;

--
-- AUTO_INCREMENT for table `storage_areas`
--
ALTER TABLE `storage_areas`
  MODIFY `id` int(11) NOT NULL AUTO_INCREMENT, AUTO_INCREMENT=454;

--
-- AUTO_INCREMENT for table `suppliers`
--
ALTER TABLE `suppliers`
  MODIFY `id` int(11) NOT NULL AUTO_INCREMENT, AUTO_INCREMENT=196;

--
-- AUTO_INCREMENT for table `transactions`
--
ALTER TABLE `transactions`
  MODIFY `id` int(11) NOT NULL AUTO_INCREMENT, AUTO_INCREMENT=20;

--
-- AUTO_INCREMENT for table `transaction_statuses`
--
ALTER TABLE `transaction_statuses`
  MODIFY `id` int(11) NOT NULL AUTO_INCREMENT, AUTO_INCREMENT=4;

--
-- AUTO_INCREMENT for table `transaction_types`
--
ALTER TABLE `transaction_types`
  MODIFY `id` int(11) NOT NULL AUTO_INCREMENT, AUTO_INCREMENT=5;

--
-- Constraints for dumped tables
--

--
-- Constraints for table `accounts`
--
ALTER TABLE `accounts`
  ADD CONSTRAINT `accounts_ibfk_1` FOREIGN KEY (`position_id`) REFERENCES `positions` (`id`) ON DELETE CASCADE;

--
-- Constraints for table `batches`
--
ALTER TABLE `batches`
  ADD CONSTRAINT `batches_ibfk_1` FOREIGN KEY (`supplier_id`) REFERENCES `suppliers` (`id`),
  ADD CONSTRAINT `batches_ibfk_2` FOREIGN KEY (`storage_area_id`) REFERENCES `storage_areas` (`id`),
  ADD CONSTRAINT `batches_ibfk_3` FOREIGN KEY (`status_id`) REFERENCES `batch_statuses` (`id`);

--
-- Constraints for table `batch_products`
--
ALTER TABLE `batch_products`
  ADD CONSTRAINT `batch_products_ibfk_1` FOREIGN KEY (`batch_id`) REFERENCES `batches` (`id`),
  ADD CONSTRAINT `batch_products_ibfk_2` FOREIGN KEY (`product_id`) REFERENCES `products` (`id`);

--
-- Constraints for table `inventory`
--
ALTER TABLE `inventory`
  ADD CONSTRAINT `inventory_ibfk_1` FOREIGN KEY (`product_id`) REFERENCES `products` (`id`),
  ADD CONSTRAINT `inventory_ibfk_2` FOREIGN KEY (`transaction_id`) REFERENCES `transactions` (`id`),
  ADD CONSTRAINT `inventory_ibfk_3` FOREIGN KEY (`storage_area_id`) REFERENCES `storage_areas` (`id`);

--
-- Constraints for table `products`
--
ALTER TABLE `products`
  ADD CONSTRAINT `products_ibfk_1` FOREIGN KEY (`status_id`) REFERENCES `product_statuses` (`id`);

--
-- Constraints for table `transactions`
--
ALTER TABLE `transactions`
  ADD CONSTRAINT `transactions_ibfk_1` FOREIGN KEY (`product_id`) REFERENCES `products` (`id`),
  ADD CONSTRAINT `transactions_ibfk_2` FOREIGN KEY (`transaction_type_id`) REFERENCES `transaction_types` (`id`),
  ADD CONSTRAINT `transactions_ibfk_3` FOREIGN KEY (`storage_area_id`) REFERENCES `storage_areas` (`id`),
  ADD CONSTRAINT `transactions_ibfk_4` FOREIGN KEY (`account_id`) REFERENCES `accounts` (`id`),
  ADD CONSTRAINT `transactions_ibfk_5` FOREIGN KEY (`status_id`) REFERENCES `transaction_statuses` (`id`);
COMMIT;

/*!40101 SET CHARACTER_SET_CLIENT=@OLD_CHARACTER_SET_CLIENT */;
/*!40101 SET CHARACTER_SET_RESULTS=@OLD_CHARACTER_SET_RESULTS */;
/*!40101 SET COLLATION_CONNECTION=@OLD_COLLATION_CONNECTION */;
